query,query_sha,filename,fea1,fea2,fea3,fea4,fea5,fea6,fea7,fea8,fea9,fea10,fea11,fea12,fea13,fea14,fea15,fea16,fea17,fea18,fea19,fea20,fea21,fea22,fea23,fea24,fea25,fea26,fea27,fea28,fea29,fea30,fea31,fea32,fea33,fea34,fea35,fea36,fea37,fea38,fea39,fea40,fea41,similarity,label
Skype and Twitter are all banned in China. hoax,005d445fa9e87175d8b3ed8d6dbca5be401f368b2fefae9bb31a4a45dd669798,9.txt,0,0,0,0,0,0,0,0,0,0,0,0,0,0,0,0,0,0,0,0,0,0,0,0,0,0,0,0,0,0,0,0,2,0,0,0,0,0,0,0,0,0.189832,unrelated
Skype and Twitter are all banned in China. hoax,005d445fa9e87175d8b3ed8d6dbca5be401f368b2fefae9bb31a4a45dd669798,7.txt,0,0,0,0,0,0,0,0,0,0,0,0,0,0,0,0,0,0,0,0,0,0,0,0,0,0,0,0,0,0,0,0,0,0,0,2,0,1,0,0,0,0.24877,unrelated
Skype and Twitter are all banned in China. hoax,005d445fa9e87175d8b3ed8d6dbca5be401f368b2fefae9bb31a4a45dd669798,6.txt,0,0,2,0,0,0,0,0,0,0,0,1,0,0,0,0,0,0,0,0,0,0,0,0,0,0,0,0,0,0,0,0,0,0,0,0,1,0,0,0,5,0.967294,fact
Skype and Twitter are all banned in China. hoax,005d445fa9e87175d8b3ed8d6dbca5be401f368b2fefae9bb31a4a45dd669798,8.txt,0,0,2,0,0,0,0,0,0,0,0,0,0,0,0,0,0,0,0,0,0,0,0,0,0,0,0,0,0,0,0,0,1,0,0,7,0,0,0,1,0,0.126045,unrelated
Skype and Twitter are all banned in China. hoax,005d445fa9e87175d8b3ed8d6dbca5be401f368b2fefae9bb31a4a45dd669798,4.txt,0,0,0,0,0,0,0,0,0,0,0,0,0,0,0,0,0,0,0,0,0,0,0,0,0,0,0,0,0,0,0,0,0,0,0,3,0,3,0,0,0,0.25787,unrelated
Skype and Twitter are all banned in China. hoax,005d445fa9e87175d8b3ed8d6dbca5be401f368b2fefae9bb31a4a45dd669798,2.txt,0,0,0,0,0,0,0,0,0,0,0,0,0,0,0,0,0,0,0,0,0,0,0,0,0,0,0,0,0,0,0,0,0,0,0,0,0,0,0,0,0,0.0512312,fact
Skype and Twitter are all banned in China. hoax,005d445fa9e87175d8b3ed8d6dbca5be401f368b2fefae9bb31a4a45dd669798,5.txt,0,0,0,0,0,0,0,0,0,0,0,0,0,0,0,0,0,0,0,0,0,0,0,0,0,0,0,0,0,0,0,0,0,0,0,0,0,0,0,0,0,0.0445569,fact
Skype and Twitter are all banned in China. hoax,005d445fa9e87175d8b3ed8d6dbca5be401f368b2fefae9bb31a4a45dd669798,1.txt,0,0,3,0,0,0,0,0,0,0,0,1,0,0,0,0,0,0,0,0,0,0,0,0,0,0,0,0,0,0,0,0,0,0,0,0,0,0,0,0,1,0.468259,fact
A lion's roar can be heard from 5 miles away! hoax,045972b7662731daba8bad2299c10cb4db8cbec10336df10d66481455261c2b3,6.txt,0,0,1,0,0,0,0,0,0,1,0,0,0,0,0,0,0,0,0,0,0,0,0,0,0,0,0,0,0,0,0,0,0,0,0,0,0,0,0,0,0,0.21044,unrelated
A lion's roar can be heard from 5 miles away! hoax,045972b7662731daba8bad2299c10cb4db8cbec10336df10d66481455261c2b3,8.txt,0,0,0,0,0,0,1,0,0,0,0,0,0,0,0,0,0,0,0,0,0,0,0,0,0,0,0,0,0,0,0,0,0,0,0,3,0,0,0,0,0,0.138211,unrelated
A lion's roar can be heard from 5 miles away! hoax,045972b7662731daba8bad2299c10cb4db8cbec10336df10d66481455261c2b3,2.txt,0,0,0,0,0,0,0,0,0,0,0,0,0,0,0,0,0,0,0,0,0,0,0,0,0,0,0,0,0,0,0,0,0,0,0,0,0,0,0,0,0,0.765271,fact
A lion's roar can be heard from 5 miles away! hoax,045972b7662731daba8bad2299c10cb4db8cbec10336df10d66481455261c2b3,5.txt,0,0,1,0,0,0,0,0,0,0,0,0,0,0,0,0,0,0,0,0,0,0,1,0,0,0,0,0,0,0,0,0,0,0,0,0,0,0,0,0,0,0.659112,fact
A lion's roar can be heard from 5 miles away! hoax,045972b7662731daba8bad2299c10cb4db8cbec10336df10d66481455261c2b3,1.txt,0,0,0,0,0,0,0,0,0,0,0,0,0,0,0,0,0,0,0,0,0,0,0,0,0,0,0,0,0,0,0,0,0,0,0,0,0,0,0,0,0,0.0712739,fact
Cherophobia is the fear of fun hoax,058d9d44035fb3718dd79e432d269af407ed1f35e603baf10aebab7883b68413,9.txt,0,0,0,0,0,0,0,0,0,0,0,0,0,0,0,0,0,0,0,0,0,0,0,0,0,0,0,0,0,0,0,0,0,0,0,0,0,0,0,0,0,0.0115818,unrelated
Cherophobia is the fear of fun hoax,058d9d44035fb3718dd79e432d269af407ed1f35e603baf10aebab7883b68413,7.txt,0,0,2,0,0,0,0,0,0,0,0,0,0,0,0,0,0,0,0,0,0,0,0,0,0,0,0,0,0,0,0,0,0,0,0,0,0,0,0,0,1,0.189225,fact
Cherophobia is the fear of fun hoax,058d9d44035fb3718dd79e432d269af407ed1f35e603baf10aebab7883b68413,6.txt,0,0,1,0,0,0,0,0,0,0,0,0,0,0,0,0,0,0,0,0,0,0,0,0,0,0,0,0,0,0,0,0,0,0,0,0,0,0,0,0,0,0.403519,fact
Cherophobia is the fear of fun hoax,058d9d44035fb3718dd79e432d269af407ed1f35e603baf10aebab7883b68413,8.txt,0,0,0,2,0,0,0,0,0,0,0,0,0,0,0,0,0,0,0,0,0,0,0,0,0,0,0,0,0,0,0,0,0,0,0,0,0,0,0,0,1,0.226042,fact
Cherophobia is the fear of fun hoax,058d9d44035fb3718dd79e432d269af407ed1f35e603baf10aebab7883b68413,4.txt,0,0,0,0,0,0,0,0,0,0,0,0,0,0,0,0,0,0,0,0,0,0,0,0,0,0,0,0,0,0,0,0,0,0,1,0,0,0,0,0,1,0.212665,fact
Cherophobia is the fear of fun hoax,058d9d44035fb3718dd79e432d269af407ed1f35e603baf10aebab7883b68413,2.txt,0,0,0,0,0,0,0,0,0,0,0,0,0,0,0,0,0,0,0,0,0,0,0,0,0,0,0,0,0,0,0,0,0,0,0,0,0,0,0,0,0,0.101415,unrelated
Cherophobia is the fear of fun hoax,058d9d44035fb3718dd79e432d269af407ed1f35e603baf10aebab7883b68413,5.txt,0,0,0,0,0,0,0,0,0,0,0,1,0,0,0,0,0,0,0,0,0,0,0,0,0,0,0,0,0,0,0,0,0,0,0,0,0,0,0,0,0,-0.00440346,unrelated
Cherophobia is the fear of fun hoax,058d9d44035fb3718dd79e432d269af407ed1f35e603baf10aebab7883b68413,1.txt,0,0,0,0,0,0,0,0,0,0,0,0,0,0,0,0,0,0,0,0,0,0,0,0,0,0,0,0,0,0,0,1,0,0,0,0,0,1,0,0,0,0.960603,fact
Cherophobia is the fear of fun hoax,058d9d44035fb3718dd79e432d269af407ed1f35e603baf10aebab7883b68413,0.txt,0,0,0,0,0,0,0,0,0,0,0,0,0,0,0,0,0,0,0,0,0,0,0,0,0,0,0,0,0,0,0,0,0,0,0,0,0,0,0,0,0,0.191209,unrelated
Sherry Shepperd Die hoax,08340407fb0db6624b6f8188d20ae3b37ab4f8b9973dcd15b387f18a2ef66a57,9.txt,0,0,0,0,0,0,0,0,0,0,0,0,0,0,0,0,0,0,0,0,0,0,0,0,0,0,0,0,0,0,0,0,0,0,0,0,0,0,0,0,0,0.00560624,unrelated
Sherry Shepperd Die hoax,08340407fb0db6624b6f8188d20ae3b37ab4f8b9973dcd15b387f18a2ef66a57,3.txt,0,0,1,0,0,1,0,1,0,0,0,0,0,0,0,0,0,0,0,0,0,0,0,0,0,0,0,0,0,0,0,0,0,0,0,0,0,0,0,0,0,0.0131656,hoax
Sherry Shepperd Die hoax,08340407fb0db6624b6f8188d20ae3b37ab4f8b9973dcd15b387f18a2ef66a57,8.txt,2,0,3,0,0,1,0,3,0,0,0,0,0,0,0,2,0,0,0,0,0,0,0,0,0,0,0,0,0,0,0,0,0,0,0,0,0,0,0,0,0,0.311287,hoax
Sherry Shepperd Die hoax,08340407fb0db6624b6f8188d20ae3b37ab4f8b9973dcd15b387f18a2ef66a57,2.txt,4,0,4,0,2,1,0,0,0,1,0,0,0,1,0,2,0,0,0,0,0,0,0,0,0,0,0,0,0,0,0,0,0,0,0,0,0,0,0,0,1,0.591256,hoax
Sherry Shepperd Die hoax,08340407fb0db6624b6f8188d20ae3b37ab4f8b9973dcd15b387f18a2ef66a57,1.txt,5,0,5,0,0,0,1,1,0,1,0,0,0,0,0,3,1,0,0,0,0,0,0,1,0,0,0,0,0,0,0,0,0,0,0,0,0,0,0,0,0,0.559911,hoax
Sherry Shepperd Die hoax,08340407fb0db6624b6f8188d20ae3b37ab4f8b9973dcd15b387f18a2ef66a57,0.txt,0,0,1,0,0,0,0,1,0,0,0,0,0,0,0,0,0,0,0,0,0,0,1,1,0,0,0,0,0,0,0,0,0,0,0,0,0,0,0,0,0,0.0057801,hoax
Free Cone Day from Daily Queen Holding hoax,08e63fb9449dfc3803f3fbd65b5885ab87d15444072051bdc0b2a73e05bae86d,9.txt,0,0,0,0,0,0,0,0,0,0,0,0,0,0,0,0,0,0,0,0,0,0,0,0,0,0,0,0,0,0,0,0,0,0,0,0,0,0,0,0,0,0.826406,fact
Free Cone Day from Daily Queen Holding hoax,08e63fb9449dfc3803f3fbd65b5885ab87d15444072051bdc0b2a73e05bae86d,7.txt,0,0,0,0,0,0,0,0,0,0,0,0,0,0,0,0,0,0,0,0,0,0,0,0,0,0,0,0,0,0,0,0,0,0,0,0,0,0,0,0,0,0.429192,fact
Free Cone Day from Daily Queen Holding hoax,08e63fb9449dfc3803f3fbd65b5885ab87d15444072051bdc0b2a73e05bae86d,3.txt,0,0,0,0,0,0,0,0,0,0,0,0,0,0,0,0,0,0,0,0,0,0,0,0,0,0,0,0,0,0,0,0,0,0,0,0,0,0,0,0,0,0.414528,fact
Free Cone Day from Daily Queen Holding hoax,08e63fb9449dfc3803f3fbd65b5885ab87d15444072051bdc0b2a73e05bae86d,6.txt,0,0,0,0,0,0,0,0,0,0,0,0,0,0,0,0,0,0,0,0,0,0,0,0,0,0,0,0,0,0,0,0,0,0,0,0,0,0,0,0,0,0,unrelated
Free Cone Day from Daily Queen Holding hoax,08e63fb9449dfc3803f3fbd65b5885ab87d15444072051bdc0b2a73e05bae86d,8.txt,0,0,0,0,0,0,0,0,0,0,0,0,0,0,0,0,0,0,0,0,0,0,0,0,0,0,0,0,0,0,0,0,0,0,0,0,0,0,0,0,0,0.795616,fact
Free Cone Day from Daily Queen Holding hoax,08e63fb9449dfc3803f3fbd65b5885ab87d15444072051bdc0b2a73e05bae86d,4.txt,0,0,0,0,1,0,0,0,0,0,0,0,0,0,0,0,0,0,0,0,0,0,0,0,0,0,0,0,0,0,0,1,0,0,0,0,0,0,0,0,0,0.556001,fact
Free Cone Day from Daily Queen Holding hoax,08e63fb9449dfc3803f3fbd65b5885ab87d15444072051bdc0b2a73e05bae86d,11.txt,0,0,0,0,0,0,0,0,0,0,0,0,0,0,0,0,0,0,0,0,0,0,0,0,0,0,0,0,0,0,0,0,0,1,0,0,0,0,0,0,0,0.339677,fact
Free Cone Day from Daily Queen Holding hoax,08e63fb9449dfc3803f3fbd65b5885ab87d15444072051bdc0b2a73e05bae86d,1.txt,0,0,0,0,0,0,0,0,0,0,0,0,0,0,0,0,0,0,0,0,0,0,0,0,0,0,0,0,0,0,0,0,0,0,0,0,0,0,0,0,0,0.567612,fact
Free Cone Day from Daily Queen Holding hoax,08e63fb9449dfc3803f3fbd65b5885ab87d15444072051bdc0b2a73e05bae86d,0.txt,1,0,0,0,2,0,0,0,0,0,0,0,0,0,0,0,0,0,0,0,0,0,0,0,0,0,0,0,0,0,0,0,0,0,0,0,0,0,0,0,0,0.532176,fact
Tommy Chong Death hoax,0a94d3ebc06e7fb97a3bdcb8dc8c062e88c6c6a51d7abf65953f3a21d8e0971b,9.txt,4,0,4,0,2,1,0,0,0,1,0,0,0,1,0,2,0,0,0,0,0,0,0,0,0,0,0,0,0,0,0,0,0,0,0,0,0,0,0,0,1,0,hoax
Tommy Chong Death hoax,0a94d3ebc06e7fb97a3bdcb8dc8c062e88c6c6a51d7abf65953f3a21d8e0971b,3.txt,1,0,2,0,0,1,0,0,0,0,0,0,0,0,0,0,0,0,1,0,0,0,0,0,0,0,0,0,0,0,0,0,1,0,0,0,0,1,0,1,2,0,hoax
Tommy Chong Death hoax,0a94d3ebc06e7fb97a3bdcb8dc8c062e88c6c6a51d7abf65953f3a21d8e0971b,6.txt,1,0,0,0,0,0,0,0,0,0,0,0,0,0,0,0,0,0,0,0,0,0,0,0,0,0,0,0,0,0,0,0,0,0,0,0,0,0,0,0,0,0,hoax
Tommy Chong Death hoax,0a94d3ebc06e7fb97a3bdcb8dc8c062e88c6c6a51d7abf65953f3a21d8e0971b,8.txt,3,0,0,0,1,1,0,0,0,1,0,0,0,0,0,2,0,0,0,0,0,0,0,0,0,0,0,0,0,0,0,0,0,0,0,0,0,0,0,0,0,0,hoax
Tommy Chong Death hoax,0a94d3ebc06e7fb97a3bdcb8dc8c062e88c6c6a51d7abf65953f3a21d8e0971b,2.txt,5,0,1,0,0,2,0,0,0,0,0,0,0,0,0,4,0,0,1,0,0,0,0,0,0,0,0,0,0,0,0,0,1,0,0,0,0,0,0,0,0,0,hoax
Tommy Chong Death hoax,0a94d3ebc06e7fb97a3bdcb8dc8c062e88c6c6a51d7abf65953f3a21d8e0971b,0.txt,1,0,1,0,0,1,0,0,0,0,0,0,0,0,0,0,0,0,1,0,0,0,0,0,0,0,0,0,0,0,0,0,1,0,0,0,0,0,0,0,0,0,hoax
Charles Manson Death hoax,0c0725c7a5e164efe3f84a619d1b20e71823c4719e0e07fcd4f9b17cec0bfcb2,9.txt,0,0,0,0,0,0,0,0,0,0,0,0,0,0,0,0,0,0,0,0,0,0,0,0,0,0,0,0,0,0,0,0,0,0,0,0,0,0,0,0,0,0.199428,unknown
Charles Manson Death hoax,0c0725c7a5e164efe3f84a619d1b20e71823c4719e0e07fcd4f9b17cec0bfcb2,3.txt,2,0,1,0,0,0,0,1,0,0,0,0,0,0,0,0,0,0,0,0,0,0,0,0,0,0,0,0,1,0,0,0,1,0,0,0,0,0,0,0,0,0.337138,hoax
Charles Manson Death hoax,0c0725c7a5e164efe3f84a619d1b20e71823c4719e0e07fcd4f9b17cec0bfcb2,6.txt,0,0,0,0,0,0,0,0,0,0,0,0,0,0,0,0,0,0,0,0,0,0,0,0,0,0,0,0,0,0,0,0,0,0,0,0,0,2,2,0,1,0.0455386,unknown
Charles Manson Death hoax,0c0725c7a5e164efe3f84a619d1b20e71823c4719e0e07fcd4f9b17cec0bfcb2,8.txt,1,0,1,0,0,0,0,0,0,0,0,0,0,0,0,1,0,0,0,0,0,0,0,0,0,0,0,0,0,0,0,0,0,0,0,0,0,0,0,0,0,0.936375,unknown
Charles Manson Death hoax,0c0725c7a5e164efe3f84a619d1b20e71823c4719e0e07fcd4f9b17cec0bfcb2,2.txt,0,0,4,0,0,2,0,4,0,0,0,0,0,0,0,0,0,0,3,1,0,0,0,0,0,0,0,0,0,0,0,0,0,0,0,0,0,0,0,0,0,0.219023,hoax
Charles Manson Death hoax,0c0725c7a5e164efe3f84a619d1b20e71823c4719e0e07fcd4f9b17cec0bfcb2,1.txt,0,0,0,0,0,0,0,0,0,0,2,1,0,0,0,0,0,0,0,0,0,0,0,0,0,0,0,0,0,0,0,0,0,0,0,0,0,0,0,0,0,0.190462,fact
Charles Manson Death hoax,0c0725c7a5e164efe3f84a619d1b20e71823c4719e0e07fcd4f9b17cec0bfcb2,0.txt,1,0,7,0,0,3,0,4,0,0,0,0,0,0,0,1,0,3,3,1,0,0,0,0,0,0,0,0,0,0,0,0,0,0,0,0,0,0,2,0,0,0.23849,hoax
Indonesia is largest archipelago hoax,0c25fa889de0724e1c1ac99f7206af75da46d00868784cbef0f98fb41bf29179,9.txt,0,0,0,0,0,0,2,0,0,1,0,0,0,0,0,0,0,0,0,0,0,0,0,0,0,0,0,0,0,0,0,0,0,0,0,0,0,0,0,0,0,0.492182,fact
Indonesia is largest archipelago hoax,0c25fa889de0724e1c1ac99f7206af75da46d00868784cbef0f98fb41bf29179,7.txt,0,0,0,0,0,0,0,0,0,0,0,0,0,0,0,0,0,0,0,0,0,0,0,0,0,0,0,0,0,0,0,0,0,0,0,0,0,1,0,0,1,0.0237686,unrelated
Indonesia is largest archipelago hoax,0c25fa889de0724e1c1ac99f7206af75da46d00868784cbef0f98fb41bf29179,3.txt,0,0,0,1,0,0,0,0,0,0,0,4,0,0,0,0,0,0,0,0,0,0,0,1,0,0,0,0,0,0,0,0,0,0,0,1,0,9,0,2,10,0.901879,fact
Indonesia is largest archipelago hoax,0c25fa889de0724e1c1ac99f7206af75da46d00868784cbef0f98fb41bf29179,6.txt,5,0,4,0,1,2,1,4,0,0,0,0,0,0,0,0,0,0,0,0,0,0,0,0,0,0,0,0,0,0,0,1,0,0,0,0,0,0,1,0,1,0.475267,fact
Indonesia is largest archipelago hoax,0c25fa889de0724e1c1ac99f7206af75da46d00868784cbef0f98fb41bf29179,8.txt,5,0,0,0,0,3,0,0,0,0,0,0,0,0,0,0,0,0,0,0,0,0,0,0,0,0,0,0,0,0,0,0,0,0,0,0,1,0,0,0,0,0.606578,fact
Indonesia is largest archipelago hoax,0c25fa889de0724e1c1ac99f7206af75da46d00868784cbef0f98fb41bf29179,4.txt,0,0,0,0,0,0,0,0,0,0,0,0,0,0,0,0,0,0,0,0,0,0,0,0,0,0,0,0,0,0,0,1,0,0,0,0,0,0,0,0,0,0.117086,unrelated
Indonesia is largest archipelago hoax,0c25fa889de0724e1c1ac99f7206af75da46d00868784cbef0f98fb41bf29179,2.txt,0,0,0,0,0,0,0,0,0,0,0,0,0,0,0,0,0,0,0,0,0,0,0,0,0,0,0,0,0,0,0,0,0,0,0,0,0,0,0,0,0,0.39866,fact
Indonesia is largest archipelago hoax,0c25fa889de0724e1c1ac99f7206af75da46d00868784cbef0f98fb41bf29179,5.txt,0,0,0,0,0,0,0,0,0,0,0,0,0,0,0,0,0,0,0,0,0,0,0,0,0,0,0,0,0,0,0,0,1,0,0,0,0,0,0,0,1,0.130738,unrelated
Indonesia is largest archipelago hoax,0c25fa889de0724e1c1ac99f7206af75da46d00868784cbef0f98fb41bf29179,1.txt,0,0,0,0,0,0,0,0,0,0,0,0,0,0,0,0,0,0,0,0,0,0,0,0,0,0,0,0,0,0,0,0,0,0,0,0,0,6,0,3,0,0.498472,fact
Indonesia is largest archipelago hoax,0c25fa889de0724e1c1ac99f7206af75da46d00868784cbef0f98fb41bf29179,0.txt,0,0,0,0,0,0,0,0,0,0,0,0,0,0,0,0,0,0,0,0,0,0,0,0,0,0,0,0,0,0,0,0,0,0,0,0,0,0,0,0,0,0.397427,fact
Nutella Burger Mc'Donalds hoax,0dbca87703c0eb5141bf15c79fa7f168ea76ba8ff19dd897dc4c5d7c79faf6a8,9.txt,0,0,0,0,0,0,0,0,0,0,0,0,0,0,0,0,0,0,0,0,0,0,0,0,0,0,0,0,0,0,0,0,0,0,0,0,0,0,0,0,0,0.953053,fact
Nutella Burger Mc'Donalds hoax,0dbca87703c0eb5141bf15c79fa7f168ea76ba8ff19dd897dc4c5d7c79faf6a8,3.txt,0,0,1,0,0,0,0,0,0,0,0,0,0,0,0,0,0,0,0,0,0,0,0,0,0,0,0,0,0,0,0,0,0,0,0,0,0,0,0,0,0,0.238602,fact
Nutella Burger Mc'Donalds hoax,0dbca87703c0eb5141bf15c79fa7f168ea76ba8ff19dd897dc4c5d7c79faf6a8,6.txt,0,0,0,0,0,0,0,0,0,0,0,0,0,0,0,0,0,0,0,0,0,0,0,0,0,0,0,0,0,0,0,0,0,0,0,0,0,0,0,0,0,0.0766167,fact
Nutella Burger Mc'Donalds hoax,0dbca87703c0eb5141bf15c79fa7f168ea76ba8ff19dd897dc4c5d7c79faf6a8,8.txt,0,0,0,0,0,0,0,0,0,0,0,0,0,0,0,0,0,0,0,0,0,0,0,0,0,0,0,0,0,0,0,0,0,0,0,0,0,0,0,0,0,0.00296134,fact
Nutella Burger Mc'Donalds hoax,0dbca87703c0eb5141bf15c79fa7f168ea76ba8ff19dd897dc4c5d7c79faf6a8,2.txt,0,0,0,0,0,0,0,0,0,0,0,0,0,0,0,0,0,0,0,0,0,0,0,0,0,0,0,0,0,0,0,0,0,0,0,0,0,0,0,0,0,0.336464,fact
Nutella Burger Mc'Donalds hoax,0dbca87703c0eb5141bf15c79fa7f168ea76ba8ff19dd897dc4c5d7c79faf6a8,1.txt,0,0,0,0,0,0,0,0,0,0,0,0,0,0,0,0,0,0,0,0,0,0,0,0,0,0,0,0,0,0,0,0,0,0,0,0,0,0,0,0,0,0.59238,fact
Nutella Burger Mc'Donalds hoax,0dbca87703c0eb5141bf15c79fa7f168ea76ba8ff19dd897dc4c5d7c79faf6a8,0.txt,0,0,0,0,0,0,0,0,0,0,0,0,0,0,0,0,0,0,0,0,0,0,0,0,0,0,0,0,0,0,0,0,0,0,0,0,0,0,0,0,0,0.419071,fact
Indonesia largest moslem population hoax,0f2a73e52abe0c0a4c7b96cdd34e894078d18fd051f1b24e3310114cd94c3f89,9.txt,0,0,0,0,0,0,0,0,0,0,0,0,0,0,0,0,0,0,0,0,0,0,0,0,0,0,0,0,0,0,0,0,0,0,0,0,0,0,0,0,0,0.225903,unrelated
Indonesia largest moslem population hoax,0f2a73e52abe0c0a4c7b96cdd34e894078d18fd051f1b24e3310114cd94c3f89,7.txt,0,0,1,0,0,0,0,1,0,0,0,0,0,0,0,0,0,0,0,0,0,0,0,0,0,0,0,0,0,0,0,0,0,0,0,0,0,0,0,0,1,0.0888157,hoax
Indonesia largest moslem population hoax,0f2a73e52abe0c0a4c7b96cdd34e894078d18fd051f1b24e3310114cd94c3f89,3.txt,2,0,0,0,0,0,0,0,0,0,0,0,0,0,0,0,0,0,0,0,0,0,0,0,0,0,0,0,0,0,0,0,0,0,0,0,0,0,0,0,0,0.250205,unrelated
Indonesia largest moslem population hoax,0f2a73e52abe0c0a4c7b96cdd34e894078d18fd051f1b24e3310114cd94c3f89,6.txt,0,0,0,0,0,0,3,0,0,0,0,2,0,0,0,0,0,0,0,0,0,0,0,0,0,0,0,0,0,0,0,1,1,0,0,1,0,0,1,0,0,0.363142,unrelated
Indonesia largest moslem population hoax,0f2a73e52abe0c0a4c7b96cdd34e894078d18fd051f1b24e3310114cd94c3f89,4.txt,0,0,0,0,0,0,0,0,0,0,0,0,0,0,0,0,0,0,0,0,0,0,0,0,0,0,0,0,0,0,0,0,0,0,0,0,0,0,0,0,0,0.887308,unrelated
Indonesia largest moslem population hoax,0f2a73e52abe0c0a4c7b96cdd34e894078d18fd051f1b24e3310114cd94c3f89,2.txt,6,0,6,0,2,4,0,6,0,0,1,0,0,0,0,0,0,0,0,0,0,0,0,0,0,0,0,0,0,0,0,0,0,0,0,0,0,0,1,0,1,0.333202,hoax
Indonesia largest moslem population hoax,0f2a73e52abe0c0a4c7b96cdd34e894078d18fd051f1b24e3310114cd94c3f89,5.txt,0,0,0,0,0,0,1,0,0,0,0,0,0,0,0,0,0,0,0,0,0,1,0,0,0,0,0,0,0,0,0,0,2,0,0,0,0,3,0,1,7,0.114624,unrelated
Big Show was killed in a car accident hoax,13ede3feb3a48a5cc23d5a068ffe80b5c0124f40fbf3688ef7f8329881c707c3,9.txt,0,0,0,0,1,1,0,0,0,0,0,0,0,0,0,0,0,0,0,0,0,0,0,0,0,0,0,0,0,0,0,0,0,0,0,0,0,0,0,0,1,0.0837801,hoax
Big Show was killed in a car accident hoax,13ede3feb3a48a5cc23d5a068ffe80b5c0124f40fbf3688ef7f8329881c707c3,7.txt,4,0,1,0,1,0,1,0,0,0,0,0,0,0,0,2,0,0,0,0,0,0,0,0,0,0,0,0,0,0,0,0,0,0,0,0,0,0,0,0,2,0.498853,hoax
Big Show was killed in a car accident hoax,13ede3feb3a48a5cc23d5a068ffe80b5c0124f40fbf3688ef7f8329881c707c3,3.txt,0,0,2,0,0,0,0,1,0,0,0,0,0,0,0,0,0,0,0,0,0,0,0,0,0,0,0,0,0,0,0,0,0,0,0,0,0,0,0,0,1,0.0707934,hoax
Big Show was killed in a car accident hoax,13ede3feb3a48a5cc23d5a068ffe80b5c0124f40fbf3688ef7f8329881c707c3,6.txt,0,0,0,0,0,1,0,0,0,0,0,0,0,0,0,0,0,0,0,0,0,0,0,0,0,0,0,0,0,0,0,0,0,0,0,0,0,0,0,0,1,0.0434565,hoax
Big Show was killed in a car accident hoax,13ede3feb3a48a5cc23d5a068ffe80b5c0124f40fbf3688ef7f8329881c707c3,8.txt,1,0,0,0,0,1,0,0,0,1,0,0,0,0,0,1,0,0,0,0,0,0,0,0,0,0,0,0,0,0,0,0,0,0,0,0,0,0,0,0,1,0.42519,hoax
Big Show was killed in a car accident hoax,13ede3feb3a48a5cc23d5a068ffe80b5c0124f40fbf3688ef7f8329881c707c3,2.txt,0,0,0,0,0,1,0,0,0,0,0,0,0,0,0,0,0,0,0,0,0,0,0,0,0,0,0,0,0,0,0,0,0,0,0,0,0,0,0,0,1,0.0434565,hoax
Big Show was killed in a car accident hoax,13ede3feb3a48a5cc23d5a068ffe80b5c0124f40fbf3688ef7f8329881c707c3,5.txt,1,0,0,0,0,1,0,0,0,0,0,0,0,0,0,1,0,0,0,0,0,0,0,0,0,0,0,0,0,0,0,0,0,0,0,0,0,0,0,0,1,0.0329036,hoax
Big Show was killed in a car accident hoax,13ede3feb3a48a5cc23d5a068ffe80b5c0124f40fbf3688ef7f8329881c707c3,1.txt,2,0,0,0,0,0,1,0,0,0,0,0,0,0,0,1,0,0,0,0,0,0,0,0,0,0,0,0,0,0,0,0,0,0,0,0,0,0,0,1,3,0.239413,hoax
Big Show was killed in a car accident hoax,13ede3feb3a48a5cc23d5a068ffe80b5c0124f40fbf3688ef7f8329881c707c3,0.txt,2,0,0,0,0,1,0,0,0,0,0,1,0,0,0,1,0,0,0,0,0,0,0,0,0,0,0,0,0,0,0,0,0,0,0,0,0,0,0,0,0,0.508905,hoax
Betty White Death hoax,19c1b3fdea241c7c7331d916912624baf8a638834898ca799c0a9e146e560944,9.txt,0,0,1,0,1,0,0,1,0,0,0,0,0,0,1,0,0,0,0,0,0,0,0,0,0,0,0,0,0,0,0,0,0,0,0,0,0,0,0,0,0,0.384637,hoax
Betty White Death hoax,19c1b3fdea241c7c7331d916912624baf8a638834898ca799c0a9e146e560944,7.txt,12,0,2,0,2,2,0,0,0,1,0,0,0,0,0,7,0,0,0,0,0,0,0,0,0,0,0,0,0,0,0,0,0,0,0,0,0,0,0,0,0,0.877053,hoax
Betty White Death hoax,19c1b3fdea241c7c7331d916912624baf8a638834898ca799c0a9e146e560944,6.txt,3,0,1,0,0,0,0,0,0,2,0,0,0,0,3,2,0,0,0,0,0,0,0,0,0,0,0,0,0,0,0,0,0,0,0,0,0,0,0,0,0,0.587079,hoax
Betty White Death hoax,19c1b3fdea241c7c7331d916912624baf8a638834898ca799c0a9e146e560944,8.txt,1,0,1,0,1,0,0,0,0,0,0,0,0,0,1,1,0,0,0,0,0,0,0,0,0,0,0,0,0,0,0,0,1,0,0,0,0,0,0,0,0,0.524494,unrelated
Betty White Death hoax,19c1b3fdea241c7c7331d916912624baf8a638834898ca799c0a9e146e560944,4.txt,2,0,0,0,0,0,1,0,0,1,0,1,0,0,0,1,0,0,0,0,0,0,0,0,0,0,0,0,0,0,0,0,0,0,0,0,0,0,0,0,0,0.483839,hoax
Betty White Death hoax,19c1b3fdea241c7c7331d916912624baf8a638834898ca799c0a9e146e560944,5.txt,1,0,0,0,0,0,0,0,0,0,0,0,0,0,0,0,0,0,0,0,0,0,0,0,0,0,0,0,0,0,0,0,0,0,0,0,0,0,0,0,0,0.376186,hoax
Betty White Death hoax,19c1b3fdea241c7c7331d916912624baf8a638834898ca799c0a9e146e560944,1.txt,4,0,4,0,2,1,0,0,0,1,0,0,0,1,0,2,0,0,0,0,0,0,0,0,0,0,0,0,0,0,0,0,0,0,0,0,0,0,0,0,1,0.757361,hoax
Betty White Death hoax,19c1b3fdea241c7c7331d916912624baf8a638834898ca799c0a9e146e560944,0.txt,1,0,1,0,0,0,0,1,0,0,0,0,0,0,1,1,0,0,0,0,0,0,0,0,0,0,0,0,0,0,0,0,0,0,0,0,0,0,0,0,0,0.29344,hoax
Rowan Atkinson Death hoax,1cccaab80b174d8fd6ad0558fd30067edbd664d37b5d451bb4f520bdc34888af,9.txt,5,0,0,0,0,0,0,0,0,2,0,0,0,0,0,4,0,0,0,0,0,0,0,0,0,0,0,0,0,0,0,0,0,1,0,0,0,0,0,0,0,0.815526,hoax
Rowan Atkinson Death hoax,1cccaab80b174d8fd6ad0558fd30067edbd664d37b5d451bb4f520bdc34888af,7.txt,3,0,0,0,1,0,0,0,0,2,0,0,0,0,0,2,0,0,0,0,0,0,0,0,0,0,0,0,0,0,0,0,0,0,0,0,0,0,0,0,0,0.389253,hoax
Rowan Atkinson Death hoax,1cccaab80b174d8fd6ad0558fd30067edbd664d37b5d451bb4f520bdc34888af,3.txt,1,0,3,0,0,1,0,0,0,1,0,0,0,0,0,1,0,2,0,0,0,0,0,0,0,0,0,0,0,0,0,0,0,0,0,0,0,0,0,0,0,0.254291,hoax
Rowan Atkinson Death hoax,1cccaab80b174d8fd6ad0558fd30067edbd664d37b5d451bb4f520bdc34888af,6.txt,0,0,0,0,0,0,0,0,0,0,0,1,0,0,1,0,0,0,0,0,0,0,0,0,0,0,0,0,0,0,0,0,0,0,0,0,0,0,0,0,1,0.0753233,unrelated
Rowan Atkinson Death hoax,1cccaab80b174d8fd6ad0558fd30067edbd664d37b5d451bb4f520bdc34888af,8.txt,5,0,1,0,0,0,0,0,0,0,0,0,0,0,0,4,0,0,0,0,0,0,0,0,0,0,0,0,0,0,0,0,0,0,0,0,0,0,0,0,0,0.584528,hoax
Rowan Atkinson Death hoax,1cccaab80b174d8fd6ad0558fd30067edbd664d37b5d451bb4f520bdc34888af,4.txt,4,0,4,0,2,1,0,0,0,1,0,0,0,1,0,2,0,0,0,0,0,0,0,0,0,0,0,0,0,0,0,0,0,0,0,0,0,0,0,0,1,0.499581,hoax
Rowan Atkinson Death hoax,1cccaab80b174d8fd6ad0558fd30067edbd664d37b5d451bb4f520bdc34888af,5.txt,10,0,1,0,0,0,1,0,0,0,0,0,0,0,0,2,0,0,1,0,0,0,0,0,0,0,0,0,0,1,0,0,2,0,0,0,0,0,0,0,0,0.411973,hoax
Rowan Atkinson Death hoax,1cccaab80b174d8fd6ad0558fd30067edbd664d37b5d451bb4f520bdc34888af,1.txt,3,0,0,0,0,0,0,0,0,1,0,0,0,0,0,0,0,0,0,0,0,0,0,0,0,0,0,0,0,0,0,0,0,0,0,0,0,0,0,0,0,0.398847,hoax
Rowan Atkinson Death hoax,1cccaab80b174d8fd6ad0558fd30067edbd664d37b5d451bb4f520bdc34888af,0.txt,4,0,0,0,0,3,0,0,0,0,0,1,0,0,0,1,0,0,0,0,0,0,0,0,0,0,0,0,0,0,0,0,2,0,0,0,0,0,0,0,0,0.586523,hoax
Stevie Wonder was killed in a car crash hoax,2062bb52acc4a5742ea2d342a8b2506c7049b68409041ed3fdbcd755da77b6ab,9.txt,2,0,2,0,0,0,0,0,0,1,0,0,0,0,0,1,1,1,0,0,0,0,0,0,1,0,0,0,0,0,0,0,0,0,0,0,0,0,0,0,0,0.293291,unrelated
Stevie Wonder was killed in a car crash hoax,2062bb52acc4a5742ea2d342a8b2506c7049b68409041ed3fdbcd755da77b6ab,7.txt,1,0,0,0,0,0,0,0,0,0,0,0,1,0,0,0,0,0,0,0,0,0,0,0,0,0,0,0,0,0,0,0,0,0,0,0,0,0,0,1,0,0.493399,unrelated
Stevie Wonder was killed in a car crash hoax,2062bb52acc4a5742ea2d342a8b2506c7049b68409041ed3fdbcd755da77b6ab,6.txt,4,0,4,0,2,1,0,0,0,1,0,0,0,1,0,2,0,0,0,0,0,0,0,0,0,0,0,0,0,0,0,0,0,0,0,0,0,0,0,0,1,0.386877,hoax
Stevie Wonder was killed in a car crash hoax,2062bb52acc4a5742ea2d342a8b2506c7049b68409041ed3fdbcd755da77b6ab,8.txt,0,0,1,0,0,0,0,1,0,0,0,0,0,0,0,0,0,0,0,0,0,0,0,0,0,0,0,0,0,0,0,0,0,0,0,0,0,0,0,0,0,0.778808,hoax
Stevie Wonder was killed in a car crash hoax,2062bb52acc4a5742ea2d342a8b2506c7049b68409041ed3fdbcd755da77b6ab,4.txt,0,0,1,0,0,0,0,1,0,0,0,0,0,0,0,0,0,0,0,0,0,0,0,0,0,0,0,0,0,0,0,0,0,0,0,0,0,0,0,0,0,0.976969,hoax
Stevie Wonder was killed in a car crash hoax,2062bb52acc4a5742ea2d342a8b2506c7049b68409041ed3fdbcd755da77b6ab,5.txt,0,0,0,0,0,0,0,0,0,0,0,0,0,0,0,0,0,0,0,0,0,0,0,0,0,0,0,0,0,0,0,0,0,0,0,0,0,0,0,0,0,0.00325882,unrelated
Stevie Wonder was killed in a car crash hoax,2062bb52acc4a5742ea2d342a8b2506c7049b68409041ed3fdbcd755da77b6ab,1.txt,3,0,4,0,0,1,0,3,0,0,0,0,0,0,0,2,1,0,0,0,2,0,0,0,0,0,0,0,0,0,0,0,0,0,0,0,0,1,0,0,0,0.682141,hoax
Stevie Wonder was killed in a car crash hoax,2062bb52acc4a5742ea2d342a8b2506c7049b68409041ed3fdbcd755da77b6ab,0.txt,0,0,1,0,0,0,0,1,0,0,0,0,0,0,1,0,0,0,0,0,1,0,0,0,0,0,0,0,0,0,0,0,0,0,0,0,0,1,0,0,0,0.635499,hoax
Jokowi is the Indonesia president hoax,225a269ec42e269fdc93f58b8a33107413c14c2bd4e0f0e5b1cb5172ca1d5bfc,7.txt,11,0,10,0,0,0,2,9,0,0,0,0,0,0,0,0,0,0,0,0,0,0,1,0,0,0,0,0,0,0,0,0,0,0,0,1,0,2,0,0,0,0.604207,fact
Jokowi is the Indonesia president hoax,225a269ec42e269fdc93f58b8a33107413c14c2bd4e0f0e5b1cb5172ca1d5bfc,6.txt,2,0,4,0,0,0,0,4,0,0,0,0,0,0,0,0,0,0,0,0,0,0,0,0,0,0,0,0,0,0,0,0,0,0,0,0,0,0,0,0,0,0.304396,fact
Jokowi is the Indonesia president hoax,225a269ec42e269fdc93f58b8a33107413c14c2bd4e0f0e5b1cb5172ca1d5bfc,8.txt,0,0,0,0,0,0,0,0,0,0,0,0,0,0,0,0,0,0,0,0,0,0,0,0,0,0,0,0,0,0,0,0,0,0,0,0,0,0,0,0,0,0.0209201,unrelated
Jokowi is the Indonesia president hoax,225a269ec42e269fdc93f58b8a33107413c14c2bd4e0f0e5b1cb5172ca1d5bfc,4.txt,3,0,11,0,1,0,1,11,0,0,0,0,0,0,0,0,0,0,0,0,0,0,0,0,0,0,0,0,0,0,0,0,0,0,0,0,0,0,0,0,0,0.785046,fact
Jokowi is the Indonesia president hoax,225a269ec42e269fdc93f58b8a33107413c14c2bd4e0f0e5b1cb5172ca1d5bfc,5.txt,2,0,9,0,0,0,0,7,0,0,0,1,0,0,0,0,0,0,0,0,0,0,0,0,0,0,0,0,0,0,0,1,0,0,0,0,0,0,0,0,0,0.613708,fact
Jokowi is the Indonesia president hoax,225a269ec42e269fdc93f58b8a33107413c14c2bd4e0f0e5b1cb5172ca1d5bfc,1.txt,6,0,6,0,2,4,0,6,0,0,1,0,0,0,0,0,0,0,0,0,0,0,0,0,0,0,0,0,0,0,0,0,0,0,0,0,0,0,1,0,1,0.805464,fact
Jokowi is the Indonesia president hoax,225a269ec42e269fdc93f58b8a33107413c14c2bd4e0f0e5b1cb5172ca1d5bfc,0.txt,3,0,5,0,1,0,0,4,0,0,0,0,0,0,0,0,0,0,0,0,0,0,0,0,0,0,0,0,0,0,0,0,0,0,0,1,0,1,0,0,3,0.568196,unrelated
Suharto was the most corrupt leader of all time hoax,2325c036791829c1c1fc1b73dd87eef823784a1b536568079dfec68904490b79,9.txt,0,0,0,0,0,0,0,0,0,0,0,0,0,0,0,0,0,0,0,0,0,0,0,0,0,0,0,0,0,0,0,0,0,0,0,0,0,0,0,0,0,0.303028,fact
Suharto was the most corrupt leader of all time hoax,2325c036791829c1c1fc1b73dd87eef823784a1b536568079dfec68904490b79,7.txt,0,0,0,0,0,0,0,0,0,0,0,0,0,0,0,0,0,0,0,0,0,0,0,0,0,0,0,0,0,0,0,0,0,0,0,0,0,0,0,0,1,0.415229,unrelated
Suharto was the most corrupt leader of all time hoax,2325c036791829c1c1fc1b73dd87eef823784a1b536568079dfec68904490b79,3.txt,0,0,0,0,0,0,0,0,0,0,0,0,0,0,0,0,0,0,0,0,0,0,0,0,0,0,0,0,0,0,0,0,0,0,0,0,0,0,0,0,0,7.45E-09,unrelated
Suharto was the most corrupt leader of all time hoax,2325c036791829c1c1fc1b73dd87eef823784a1b536568079dfec68904490b79,6.txt,0,0,0,0,0,0,0,0,0,0,0,4,0,0,0,0,0,0,0,0,0,0,0,0,0,0,0,0,0,0,0,0,0,0,0,2,0,2,0,0,9,0.634004,fact
Suharto was the most corrupt leader of all time hoax,2325c036791829c1c1fc1b73dd87eef823784a1b536568079dfec68904490b79,8.txt,0,0,0,0,0,0,0,0,0,0,0,0,0,0,0,0,0,0,0,0,0,0,0,0,0,0,0,0,0,0,0,0,0,0,0,0,0,0,0,0,2,0.429718,unrelated
Suharto was the most corrupt leader of all time hoax,2325c036791829c1c1fc1b73dd87eef823784a1b536568079dfec68904490b79,4.txt,0,0,0,0,0,0,0,0,0,0,0,0,0,0,0,0,0,0,0,0,0,0,0,0,0,0,0,0,0,0,0,0,0,0,0,0,0,0,0,0,0,0.019921,unrelated
Suharto was the most corrupt leader of all time hoax,2325c036791829c1c1fc1b73dd87eef823784a1b536568079dfec68904490b79,5.txt,0,0,0,0,0,0,0,0,0,0,0,2,0,0,0,0,0,0,0,0,0,0,0,0,0,0,0,0,0,0,0,0,0,0,0,0,0,1,0,1,0,0.881026,fact
Suharto was the most corrupt leader of all time hoax,2325c036791829c1c1fc1b73dd87eef823784a1b536568079dfec68904490b79,0.txt,0,0,0,0,0,0,0,0,0,0,0,0,0,0,0,0,0,0,0,0,0,0,0,0,0,0,0,0,0,0,0,0,0,1,0,0,0,0,0,0,0,-1.86E-09,unrelated
When hippos are upset,26826b83fcd949a64704549e4b0a12e9f0ee78a9c15ec99eff157663c75a976a,3.txt,0,0,0,0,0,0,0,0,0,0,0,0,0,0,0,0,0,0,0,0,0,0,0,0,0,0,0,0,0,0,0,1,0,0,0,0,0,1,0,0,0,0.86802,fact
When hippos are upset,26826b83fcd949a64704549e4b0a12e9f0ee78a9c15ec99eff157663c75a976a,6.txt,0,0,0,0,0,0,0,0,0,0,0,0,0,0,0,0,0,0,0,0,0,0,0,0,0,0,0,0,0,0,0,0,0,0,0,0,0,0,0,0,0,5.99E-05,unrelated
When hippos are upset,26826b83fcd949a64704549e4b0a12e9f0ee78a9c15ec99eff157663c75a976a,8.txt,0,0,1,0,0,0,0,0,0,0,0,1,0,0,0,0,0,0,0,0,0,0,0,0,0,0,0,0,0,0,0,0,0,0,0,0,0,0,0,0,0,0.401271,fact
When hippos are upset,26826b83fcd949a64704549e4b0a12e9f0ee78a9c15ec99eff157663c75a976a,4.txt,0,0,0,0,0,0,0,0,0,0,0,0,0,0,0,0,0,0,0,0,0,0,0,0,0,0,0,0,0,0,0,0,0,0,0,0,0,0,0,0,0,0.0105652,unrelated
When hippos are upset,26826b83fcd949a64704549e4b0a12e9f0ee78a9c15ec99eff157663c75a976a,5.txt,0,0,0,0,0,0,0,0,0,0,0,0,0,0,0,0,0,0,0,0,0,0,0,0,0,0,0,0,0,0,0,0,0,0,0,0,0,0,0,0,0,0.0525817,fact
When hippos are upset,26826b83fcd949a64704549e4b0a12e9f0ee78a9c15ec99eff157663c75a976a,1.txt,0,0,0,0,0,0,0,0,0,0,0,0,0,0,0,0,0,0,0,0,0,0,0,0,0,0,0,0,0,0,0,0,0,0,0,0,0,0,0,0,0,0.739887,fact
Betsy Devos say history textbook should be based on bible hoax,291aade3c15dbd0d6401c0ec426d8ad4aea858487330518097f0135c15cd33ce,9.txt,0,0,1,0,0,0,1,1,0,0,0,1,0,0,0,0,0,0,0,0,0,0,0,0,0,0,0,0,0,0,0,0,3,0,3,0,1,1,0,2,0,0.486265,unrelated
Betsy Devos say history textbook should be based on bible hoax,291aade3c15dbd0d6401c0ec426d8ad4aea858487330518097f0135c15cd33ce,8.txt,0,0,0,0,0,0,0,0,0,0,0,0,0,0,0,0,0,0,0,0,0,0,0,0,0,0,0,0,0,0,0,0,0,0,0,0,0,0,0,0,0,0.463105,unrelated
Betsy Devos say history textbook should be based on bible hoax,291aade3c15dbd0d6401c0ec426d8ad4aea858487330518097f0135c15cd33ce,4.txt,0,0,3,0,0,0,0,0,0,0,0,0,0,0,0,0,0,0,0,0,0,0,0,0,0,0,0,0,0,0,0,0,0,0,0,0,0,0,0,0,0,0.321002,unrelated
Betsy Devos say history textbook should be based on bible hoax,291aade3c15dbd0d6401c0ec426d8ad4aea858487330518097f0135c15cd33ce,2.txt,0,0,0,0,0,0,0,0,0,0,0,0,0,0,0,0,0,0,0,0,0,0,0,1,0,0,0,0,0,0,0,0,0,0,0,0,0,0,0,0,0,0.497636,hoax
Betsy Devos say history textbook should be based on bible hoax,291aade3c15dbd0d6401c0ec426d8ad4aea858487330518097f0135c15cd33ce,5.txt,0,0,0,0,0,0,0,0,0,0,0,0,0,0,0,0,0,0,0,0,0,0,0,0,0,0,0,0,0,0,0,0,0,0,0,0,0,0,0,0,0,0.624844,unknown
Betsy Devos say history textbook should be based on bible hoax,291aade3c15dbd0d6401c0ec426d8ad4aea858487330518097f0135c15cd33ce,1.txt,0,0,0,0,0,0,0,0,0,0,0,0,0,0,0,0,0,0,0,0,0,0,0,1,0,0,0,0,0,0,0,0,0,0,0,0,0,0,0,0,0,0.519141,hoax
Betsy Devos say history textbook should be based on bible hoax,291aade3c15dbd0d6401c0ec426d8ad4aea858487330518097f0135c15cd33ce,0.txt,0,0,1,0,0,0,0,1,0,0,0,0,0,0,0,0,0,0,0,0,0,0,0,2,0,0,0,0,0,0,0,0,0,0,0,0,0,0,0,0,0,0.857495,hoax
Japanese citizens is illegal to overweight hoax,2f5b5902d632ec6743ab234822719bfc63581a39ea5c9bb4999e61537175c049,7.txt,0,0,0,0,0,0,0,0,0,0,1,0,0,0,0,0,0,0,0,0,0,0,0,0,0,0,0,0,0,0,0,0,0,0,0,1,0,0,0,0,1,0.119452,unrelated
Japanese citizens is illegal to overweight hoax,2f5b5902d632ec6743ab234822719bfc63581a39ea5c9bb4999e61537175c049,3.txt,0,0,0,0,0,0,2,0,0,0,0,0,0,0,0,0,0,0,0,0,0,0,0,0,0,0,0,0,0,0,0,0,0,0,0,0,0,0,0,0,0,0.367437,fact
Japanese citizens is illegal to overweight hoax,2f5b5902d632ec6743ab234822719bfc63581a39ea5c9bb4999e61537175c049,8.txt,0,0,0,0,0,0,0,0,0,0,0,0,0,0,0,0,0,0,0,0,0,0,0,0,0,0,0,0,0,0,0,0,0,0,0,0,0,0,0,0,0,2.98E-08,unrelated
Japanese citizens is illegal to overweight hoax,2f5b5902d632ec6743ab234822719bfc63581a39ea5c9bb4999e61537175c049,4.txt,0,0,0,0,0,0,0,0,0,0,0,0,0,0,0,0,0,0,0,0,0,0,0,0,0,0,0,0,0,0,0,0,0,0,0,0,0,0,0,0,7,0.364817,fact
Japanese citizens is illegal to overweight hoax,2f5b5902d632ec6743ab234822719bfc63581a39ea5c9bb4999e61537175c049,2.txt,1,0,0,0,0,0,0,0,0,0,0,0,0,0,0,0,0,0,0,0,0,0,0,0,0,0,0,0,0,0,0,0,0,0,0,0,0,0,0,0,0,0.877366,fact
Japanese citizens is illegal to overweight hoax,2f5b5902d632ec6743ab234822719bfc63581a39ea5c9bb4999e61537175c049,5.txt,0,0,0,0,0,0,0,0,0,0,0,0,0,0,0,0,0,0,0,0,0,0,0,0,0,0,0,0,0,0,0,0,0,0,0,0,0,0,0,0,0,0.14969,fact
Japanese citizens is illegal to overweight hoax,2f5b5902d632ec6743ab234822719bfc63581a39ea5c9bb4999e61537175c049,0.txt,0,0,0,0,0,0,0,0,0,0,0,0,0,0,0,0,0,0,0,0,0,0,0,0,0,0,0,0,0,0,0,0,0,0,0,0,0,0,0,0,0,0.79619,fact
Indonesia and Monaco have the same flag hoax,314c6a1e50d663b51fab6abb4b12e55a0046263c8f43547085cea12104ec8e61,9.txt,0,0,0,0,0,0,0,0,0,0,0,0,0,0,0,0,0,0,0,0,0,0,0,0,0,0,0,0,0,0,0,0,0,0,0,0,0,0,0,0,0,0.4212,unrelated
Indonesia and Monaco have the same flag hoax,314c6a1e50d663b51fab6abb4b12e55a0046263c8f43547085cea12104ec8e61,3.txt,0,0,0,0,0,0,0,0,0,0,0,0,0,0,0,0,0,0,0,0,0,0,0,0,0,0,0,0,0,0,0,0,0,0,0,0,0,0,0,0,0,0.608584,fact
Indonesia and Monaco have the same flag hoax,314c6a1e50d663b51fab6abb4b12e55a0046263c8f43547085cea12104ec8e61,6.txt,0,0,0,0,0,0,0,0,0,0,0,0,0,0,0,0,0,0,0,0,0,0,0,0,0,0,0,0,0,0,0,0,0,0,0,0,0,0,0,0,0,0.296277,unrelated
Indonesia and Monaco have the same flag hoax,314c6a1e50d663b51fab6abb4b12e55a0046263c8f43547085cea12104ec8e61,8.txt,0,0,0,0,0,0,0,0,0,0,0,0,0,0,0,0,0,0,0,0,0,0,0,0,0,0,0,0,0,0,0,0,0,0,0,0,0,0,0,0,0,0.0306307,unrelated
Indonesia and Monaco have the same flag hoax,314c6a1e50d663b51fab6abb4b12e55a0046263c8f43547085cea12104ec8e61,2.txt,0,0,0,0,0,0,0,0,0,0,0,1,0,0,0,0,0,0,0,0,0,0,0,0,0,0,0,0,0,0,0,0,1,0,0,0,0,0,0,0,2,0.719842,fact
Indonesia and Monaco have the same flag hoax,314c6a1e50d663b51fab6abb4b12e55a0046263c8f43547085cea12104ec8e61,5.txt,0,0,0,0,0,0,0,0,0,0,0,0,0,0,0,0,0,0,0,0,0,0,0,0,0,0,0,0,0,0,0,0,0,0,0,0,0,0,0,0,0,0.263298,fact
Indonesia and Monaco have the same flag hoax,314c6a1e50d663b51fab6abb4b12e55a0046263c8f43547085cea12104ec8e61,1.txt,0,0,0,0,0,0,0,0,0,0,0,0,0,0,0,0,0,0,0,0,0,0,0,0,0,0,0,0,0,0,0,0,0,0,0,0,0,0,0,0,0,0.822559,fact
Indonesia and Monaco have the same flag hoax,314c6a1e50d663b51fab6abb4b12e55a0046263c8f43547085cea12104ec8e61,0.txt,0,0,0,0,0,0,0,0,0,0,0,0,0,0,0,0,0,0,0,0,0,0,0,0,0,0,0,0,0,0,0,0,1,0,0,0,0,0,0,0,2,0.488596,unrelated
Harambe received 15,3672bb6bd1719b5ea441940c4ca41832a52d28d9718953627de74d4da3a804f0,9.txt,1,0,0,0,0,0,0,0,0,0,0,0,0,0,0,0,0,0,0,0,0,0,0,0,0,0,0,0,0,0,0,0,0,0,0,0,0,0,0,0,0,0.528302,hoax
Harambe received 15,3672bb6bd1719b5ea441940c4ca41832a52d28d9718953627de74d4da3a804f0,7.txt,0,0,0,0,0,0,0,0,0,0,0,0,0,0,0,0,0,0,0,0,0,0,0,0,0,0,0,0,0,0,0,0,0,0,0,0,0,0,0,0,0,0.457297,unknown
Harambe received 15,3672bb6bd1719b5ea441940c4ca41832a52d28d9718953627de74d4da3a804f0,3.txt,0,0,0,0,0,0,0,0,0,0,0,0,0,0,0,0,0,0,0,0,0,0,0,0,0,0,0,0,0,0,0,0,0,0,0,4,0,0,0,0,2,0.437995,hoax
Harambe received 15,3672bb6bd1719b5ea441940c4ca41832a52d28d9718953627de74d4da3a804f0,6.txt,0,0,0,0,0,0,0,0,0,0,0,0,0,0,0,0,0,0,0,0,0,0,0,0,0,0,0,0,0,0,0,0,1,0,0,0,0,0,0,1,0,0.31523,unknown
Harambe received 15,3672bb6bd1719b5ea441940c4ca41832a52d28d9718953627de74d4da3a804f0,8.txt,0,0,0,0,0,0,0,0,0,0,0,0,0,0,0,0,0,0,0,0,0,0,0,0,0,0,0,0,0,0,0,0,0,0,0,0,0,0,0,0,0,0.143932,fact
Harambe received 15,3672bb6bd1719b5ea441940c4ca41832a52d28d9718953627de74d4da3a804f0,4.txt,1,0,1,0,1,1,1,0,0,0,0,0,0,0,1,0,0,1,0,0,0,0,0,0,0,0,0,0,0,0,0,0,0,0,0,0,0,0,0,0,0,0.52858,hoax
Harambe received 15,3672bb6bd1719b5ea441940c4ca41832a52d28d9718953627de74d4da3a804f0,2.txt,0,0,0,0,0,1,0,0,0,0,0,0,0,0,0,0,0,0,0,0,0,0,0,0,0,0,0,0,0,0,0,0,0,0,0,2,0,0,0,0,0,0.533828,hoax
Harambe received 15,3672bb6bd1719b5ea441940c4ca41832a52d28d9718953627de74d4da3a804f0,1.txt,0,0,0,0,0,1,1,0,0,0,0,0,0,0,1,0,0,0,0,0,0,0,0,0,0,0,0,0,0,0,0,0,0,0,0,1,0,0,0,0,5,0.848537,hoax
Harambe received 15,3672bb6bd1719b5ea441940c4ca41832a52d28d9718953627de74d4da3a804f0,0.txt,0,0,0,0,0,0,0,0,0,0,0,0,0,0,0,0,0,0,0,0,0,0,0,0,0,0,0,0,0,0,0,0,0,0,0,2,0,0,0,0,1,0.68884,hoax
Montreal's city council ban pit bulls hoax,3a7e40b988f0db8656f41eafcfd67d028cb6dac5264a8a82fb820fb37ae36142,9.txt,0,0,0,0,0,0,0,0,0,0,0,0,0,0,0,0,0,0,0,0,0,0,0,0,0,0,0,0,0,0,0,0,0,0,1,0,0,0,0,0,0,0.0761177,unrelated
Montreal's city council ban pit bulls hoax,3a7e40b988f0db8656f41eafcfd67d028cb6dac5264a8a82fb820fb37ae36142,7.txt,0,0,0,0,0,0,0,0,0,0,0,0,0,0,0,0,0,0,0,0,0,0,0,0,0,0,0,0,0,0,0,0,0,0,1,0,0,0,0,0,0,0.35064,unrelated
Montreal's city council ban pit bulls hoax,3a7e40b988f0db8656f41eafcfd67d028cb6dac5264a8a82fb820fb37ae36142,3.txt,0,0,0,0,0,0,0,0,0,0,0,0,0,0,0,0,0,0,0,0,0,0,0,0,0,0,0,0,0,0,0,0,0,2,0,0,1,0,0,1,2,0.280784,unrelated
Montreal's city council ban pit bulls hoax,3a7e40b988f0db8656f41eafcfd67d028cb6dac5264a8a82fb820fb37ae36142,6.txt,0,0,0,0,0,0,0,0,0,0,0,0,0,0,0,0,0,0,0,0,0,0,0,0,0,0,0,0,0,0,0,0,0,0,0,0,0,0,1,0,0,0.789804,fact
Montreal's city council ban pit bulls hoax,3a7e40b988f0db8656f41eafcfd67d028cb6dac5264a8a82fb820fb37ae36142,4.txt,0,0,0,0,0,0,0,0,0,0,0,0,0,0,0,0,0,0,0,0,0,0,0,0,0,0,0,0,0,0,0,0,0,1,0,0,0,0,0,2,1,0.429462,fact
Montreal's city council ban pit bulls hoax,3a7e40b988f0db8656f41eafcfd67d028cb6dac5264a8a82fb820fb37ae36142,2.txt,0,0,0,0,0,0,0,0,0,0,0,0,0,0,0,0,0,0,0,0,0,0,0,0,0,0,0,0,0,0,0,0,0,0,0,0,0,0,0,0,1,0.490443,fact
Montreal's city council ban pit bulls hoax,3a7e40b988f0db8656f41eafcfd67d028cb6dac5264a8a82fb820fb37ae36142,5.txt,0,0,0,0,0,0,0,0,0,0,0,1,0,0,0,0,0,0,0,0,0,0,0,0,0,0,0,0,0,0,0,0,0,0,1,0,0,0,0,0,0,0.59529,fact
Montreal's city council ban pit bulls hoax,3a7e40b988f0db8656f41eafcfd67d028cb6dac5264a8a82fb820fb37ae36142,0.txt,0,0,0,0,1,0,0,0,0,0,0,0,0,0,0,0,0,0,0,0,0,0,0,0,0,0,0,0,0,0,0,0,0,0,0,0,0,0,0,0,0,0.648233,fact
Younger brother kill big brother pokemon go hoax,47ffa7cc99977c04f3da47d4d8dc0de5d952fe01191e4dac683eddac559f93c9,7.txt,1,0,1,0,0,0,0,0,0,0,0,0,0,0,0,0,0,0,0,0,0,0,0,0,0,0,0,0,0,0,0,0,1,0,0,0,0,0,0,0,0,0.469563,unknown
Younger brother kill big brother pokemon go hoax,47ffa7cc99977c04f3da47d4d8dc0de5d952fe01191e4dac683eddac559f93c9,3.txt,0,0,0,0,0,0,0,0,0,0,0,1,0,0,0,0,0,0,0,0,0,0,0,0,0,0,0,0,0,0,0,0,0,0,0,0,0,0,0,0,1,0.296384,unrelated
Younger brother kill big brother pokemon go hoax,47ffa7cc99977c04f3da47d4d8dc0de5d952fe01191e4dac683eddac559f93c9,6.txt,0,0,1,0,0,0,0,1,0,0,0,0,0,0,0,0,0,0,0,0,0,0,0,0,0,0,0,0,0,0,0,0,0,0,0,0,0,0,0,0,0,0.666996,hoax
Younger brother kill big brother pokemon go hoax,47ffa7cc99977c04f3da47d4d8dc0de5d952fe01191e4dac683eddac559f93c9,8.txt,0,0,0,0,0,0,0,0,0,0,0,0,0,0,0,0,0,0,0,0,0,0,0,0,0,0,0,0,0,0,0,0,0,0,0,0,0,0,0,0,0,0.478254,unrelated
Younger brother kill big brother pokemon go hoax,47ffa7cc99977c04f3da47d4d8dc0de5d952fe01191e4dac683eddac559f93c9,4.txt,2,0,4,0,0,0,0,1,0,0,0,0,0,0,1,0,0,0,1,1,0,0,0,0,0,0,0,0,0,0,0,0,0,0,0,0,0,0,0,0,0,0.333891,unrelated
Younger brother kill big brother pokemon go hoax,47ffa7cc99977c04f3da47d4d8dc0de5d952fe01191e4dac683eddac559f93c9,2.txt,0,0,1,0,0,1,0,1,0,0,0,0,0,0,2,0,0,0,0,0,0,0,0,0,0,0,0,0,0,0,0,0,1,0,0,0,0,0,0,0,0,0.838438,hoax
Younger brother kill big brother pokemon go hoax,47ffa7cc99977c04f3da47d4d8dc0de5d952fe01191e4dac683eddac559f93c9,5.txt,0,0,0,0,0,0,0,0,0,0,0,0,0,0,0,0,0,0,0,0,0,0,0,0,0,0,0,0,0,0,0,0,0,0,0,0,0,0,0,0,0,0.780792,fact
Younger brother kill big brother pokemon go hoax,47ffa7cc99977c04f3da47d4d8dc0de5d952fe01191e4dac683eddac559f93c9,1.txt,0,0,0,0,0,0,0,0,0,0,0,0,0,0,0,0,0,0,0,0,0,0,0,0,0,0,0,0,0,0,0,0,0,0,0,0,0,0,0,0,0,0.00149743,unrelated
Younger brother kill big brother pokemon go hoax,47ffa7cc99977c04f3da47d4d8dc0de5d952fe01191e4dac683eddac559f93c9,0.txt,0,0,2,0,0,0,0,2,0,0,0,0,0,0,0,0,0,0,0,1,1,0,0,0,0,0,0,0,0,0,0,0,0,0,0,0,0,0,0,0,0,0.841679,hoax
A baby octopus is about the size of a flea when it is born hoax,480c77e2246c35225f7f0b44440ab92eb65c7c97f91cba87563dc39c042cc066,9.txt,0,0,1,0,0,0,0,0,0,0,0,0,0,0,0,0,0,0,0,0,0,0,0,0,0,0,0,0,0,0,0,0,0,0,0,1,0,0,0,0,2,0,unrelated
A baby octopus is about the size of a flea when it is born hoax,480c77e2246c35225f7f0b44440ab92eb65c7c97f91cba87563dc39c042cc066,3.txt,0,0,0,0,0,0,0,0,0,0,0,0,0,0,0,0,0,0,0,0,0,0,0,0,0,0,0,0,0,0,0,0,0,0,0,0,0,0,0,0,0,0,unrelated
A baby octopus is about the size of a flea when it is born hoax,480c77e2246c35225f7f0b44440ab92eb65c7c97f91cba87563dc39c042cc066,8.txt,0,0,1,0,0,0,1,0,0,0,0,0,0,0,0,0,0,0,0,0,0,0,0,0,0,0,0,0,0,0,0,0,0,0,0,0,0,0,0,0,0,0,unrelated
A baby octopus is about the size of a flea when it is born hoax,480c77e2246c35225f7f0b44440ab92eb65c7c97f91cba87563dc39c042cc066,4.txt,0,0,0,0,0,0,0,0,0,0,0,0,0,0,0,0,0,0,0,0,0,0,0,0,0,0,0,0,0,0,0,0,0,0,0,0,0,0,0,0,0,0,unrelated
A baby octopus is about the size of a flea when it is born hoax,480c77e2246c35225f7f0b44440ab92eb65c7c97f91cba87563dc39c042cc066,5.txt,0,0,0,0,0,0,0,0,0,0,0,0,0,0,0,0,0,0,0,0,0,0,0,0,0,0,0,0,0,0,0,0,0,0,0,0,0,0,0,0,0,0,unrelated
A baby octopus is about the size of a flea when it is born hoax,480c77e2246c35225f7f0b44440ab92eb65c7c97f91cba87563dc39c042cc066,1.txt,0,0,0,0,0,0,0,0,0,0,0,0,0,0,0,0,0,0,0,0,0,0,0,0,0,0,0,0,0,0,0,0,0,0,0,0,0,0,0,0,0,0,unrelated
Elvis Presley got a 'C' in his 8th grade music class hoax,4b42a2376ef30904a8a7f25da5d3ea89b8b416a747ae1df946d1a0209d43d654,9.txt,0,0,0,0,0,0,0,0,0,0,0,0,0,0,0,0,0,0,0,0,0,0,0,0,0,0,0,0,0,0,0,0,0,0,0,0,0,0,0,0,0,0.664081,fact
Elvis Presley got a 'C' in his 8th grade music class hoax,4b42a2376ef30904a8a7f25da5d3ea89b8b416a747ae1df946d1a0209d43d654,7.txt,0,0,0,0,0,0,0,0,0,0,0,0,0,0,0,0,0,0,0,0,0,0,0,0,0,0,0,0,0,0,0,0,0,0,0,0,0,0,0,0,0,0.20755,unrelated
Elvis Presley got a 'C' in his 8th grade music class hoax,4b42a2376ef30904a8a7f25da5d3ea89b8b416a747ae1df946d1a0209d43d654,3.txt,0,0,1,0,0,0,0,0,0,0,0,0,0,0,0,0,0,0,0,0,0,0,0,0,0,0,0,0,0,0,0,0,1,0,0,0,0,0,0,0,0,0.188225,fact
Elvis Presley got a 'C' in his 8th grade music class hoax,4b42a2376ef30904a8a7f25da5d3ea89b8b416a747ae1df946d1a0209d43d654,6.txt,0,0,0,0,0,0,0,0,0,0,0,0,0,0,0,0,0,0,0,0,0,0,0,0,0,0,0,0,0,0,0,0,0,0,0,0,0,0,0,0,0,0.496787,unknown
Elvis Presley got a 'C' in his 8th grade music class hoax,4b42a2376ef30904a8a7f25da5d3ea89b8b416a747ae1df946d1a0209d43d654,8.txt,0,0,1,0,1,0,1,0,0,0,0,4,0,0,0,0,0,0,0,0,0,0,0,0,0,0,0,0,0,0,0,0,5,3,0,2,0,1,1,1,4,0.779568,unknown
Elvis Presley got a 'C' in his 8th grade music class hoax,4b42a2376ef30904a8a7f25da5d3ea89b8b416a747ae1df946d1a0209d43d654,4.txt,0,0,1,0,0,0,0,0,0,0,0,1,0,0,0,0,0,0,0,0,0,0,0,0,0,0,0,0,1,0,0,0,0,0,0,0,0,0,0,0,0,0.181602,unrelated
Elvis Presley got a 'C' in his 8th grade music class hoax,4b42a2376ef30904a8a7f25da5d3ea89b8b416a747ae1df946d1a0209d43d654,2.txt,0,0,0,0,0,0,0,0,0,0,0,1,0,0,0,0,0,0,0,0,0,0,0,0,0,0,0,0,0,0,0,0,0,0,0,0,1,0,0,0,1,0.899161,fact
Elvis Presley got a 'C' in his 8th grade music class hoax,4b42a2376ef30904a8a7f25da5d3ea89b8b416a747ae1df946d1a0209d43d654,5.txt,0,0,0,0,0,0,0,0,0,0,0,0,0,0,0,0,0,0,0,0,0,0,0,0,0,0,0,0,0,0,0,0,2,0,0,0,0,0,0,0,0,0.674776,fact
clocks Pulp Fiction 4:20 hoax,4ce175becd4bae60ac03e02a55fdf30b0df6b902880371ebf93809f3fabb5aaf,9.txt,0,0,0,0,0,0,0,0,0,0,0,0,0,0,0,0,0,0,0,0,0,0,0,0,0,0,0,0,0,0,0,0,0,0,0,0,0,0,0,0,0,0,unrelated
clocks Pulp Fiction 4:20 hoax,4ce175becd4bae60ac03e02a55fdf30b0df6b902880371ebf93809f3fabb5aaf,7.txt,0,0,0,0,0,0,0,0,0,0,0,0,0,0,0,0,0,0,0,0,0,0,0,0,0,0,0,0,0,0,0,0,0,0,0,0,0,0,0,0,0,0.346778,unrelated
clocks Pulp Fiction 4:20 hoax,4ce175becd4bae60ac03e02a55fdf30b0df6b902880371ebf93809f3fabb5aaf,3.txt,0,0,0,0,0,0,0,0,0,0,0,0,0,0,0,0,0,0,0,0,0,0,0,0,0,0,0,0,0,0,0,0,0,0,0,0,0,0,0,0,0,0.988167,fact
clocks Pulp Fiction 4:20 hoax,4ce175becd4bae60ac03e02a55fdf30b0df6b902880371ebf93809f3fabb5aaf,6.txt,0,0,0,0,0,0,0,0,0,0,0,0,0,0,0,0,0,0,0,0,0,0,0,0,0,0,0,0,0,0,0,0,0,0,0,0,0,0,0,0,0,0.0987502,hoax
clocks Pulp Fiction 4:20 hoax,4ce175becd4bae60ac03e02a55fdf30b0df6b902880371ebf93809f3fabb5aaf,8.txt,0,0,0,0,0,0,0,0,0,0,0,0,0,0,0,0,0,0,0,0,0,0,0,0,0,0,0,0,0,0,0,0,0,0,0,0,0,0,0,0,0,-0.00116476,unrelated
clocks Pulp Fiction 4:20 hoax,4ce175becd4bae60ac03e02a55fdf30b0df6b902880371ebf93809f3fabb5aaf,2.txt,0,0,0,0,0,0,0,0,0,0,0,0,0,0,0,0,0,0,0,0,0,0,0,0,0,0,0,0,0,0,0,0,1,0,0,0,0,0,0,0,0,0.549824,hoax
clocks Pulp Fiction 4:20 hoax,4ce175becd4bae60ac03e02a55fdf30b0df6b902880371ebf93809f3fabb5aaf,5.txt,0,0,0,0,0,0,0,0,0,0,0,0,1,0,0,0,0,0,0,0,0,0,1,0,0,0,0,0,0,0,0,0,0,0,0,0,0,0,0,0,0,0.127476,hoax
clocks Pulp Fiction 4:20 hoax,4ce175becd4bae60ac03e02a55fdf30b0df6b902880371ebf93809f3fabb5aaf,1.txt,0,0,0,0,0,2,0,0,0,0,0,0,0,0,0,0,0,0,0,0,0,0,0,0,0,0,0,0,0,0,0,0,5,0,0,0,0,0,0,0,0,0.657504,hoax
clocks Pulp Fiction 4:20 hoax,4ce175becd4bae60ac03e02a55fdf30b0df6b902880371ebf93809f3fabb5aaf,0.txt,0,0,0,0,0,1,0,0,0,0,0,0,0,0,0,0,0,0,0,0,0,0,0,0,0,0,0,0,0,0,0,0,3,0,0,0,0,0,0,0,0,0.646505,hoax
Reginald VelJohnson Death hoax,51f16892c405fa9cf591e63934f328689855bf21555f91f29549e8b83640f06b,3.txt,1,0,0,0,3,0,0,0,0,0,0,0,0,0,0,1,0,0,0,0,0,0,0,0,0,0,0,0,0,0,0,0,0,0,0,0,0,0,0,0,0,0.62669,hoax
Reginald VelJohnson Death hoax,51f16892c405fa9cf591e63934f328689855bf21555f91f29549e8b83640f06b,4.txt,0,0,0,0,0,0,0,0,0,0,0,0,0,0,0,0,0,0,0,0,0,0,0,0,0,0,0,0,0,0,0,0,0,0,0,0,0,0,0,0,0,0.351129,fact
Reginald VelJohnson Death hoax,51f16892c405fa9cf591e63934f328689855bf21555f91f29549e8b83640f06b,5.txt,0,0,0,0,0,0,0,0,0,0,0,0,0,0,0,0,0,0,0,0,0,0,0,0,0,0,0,0,0,0,0,0,0,0,0,0,0,0,0,0,0,0.0374485,unrelated
Reginald VelJohnson Death hoax,51f16892c405fa9cf591e63934f328689855bf21555f91f29549e8b83640f06b,1.txt,8,0,1,0,4,1,0,0,0,1,0,0,0,0,1,6,1,0,0,0,0,0,0,0,0,0,0,0,0,0,0,0,0,0,0,0,0,0,0,0,0,0.898743,hoax
Reginald VelJohnson Death hoax,51f16892c405fa9cf591e63934f328689855bf21555f91f29549e8b83640f06b,0.txt,2,0,0,0,2,0,0,0,0,0,0,0,0,0,0,0,0,0,0,0,0,0,0,0,0,0,0,0,0,0,0,0,0,0,0,0,0,0,0,0,0,0.3988,hoax
Soekarno is the first president of Indonesia hoax,5b09d5700fa64044a482f960514d358402a3c4b9b68f7cb9ad5e18a8b4283e74,7.txt,0,0,1,0,0,0,0,0,0,0,0,0,0,0,0,0,0,0,0,0,0,0,0,0,0,0,0,0,0,0,0,0,1,0,0,0,0,0,0,0,0,0.45148,unrelated
Soekarno is the first president of Indonesia hoax,5b09d5700fa64044a482f960514d358402a3c4b9b68f7cb9ad5e18a8b4283e74,3.txt,0,0,0,0,1,0,0,0,0,0,0,0,0,0,0,0,0,0,0,0,0,0,0,0,0,0,0,0,0,0,0,0,0,0,0,1,0,0,0,0,1,0.186957,unrelated
Soekarno is the first president of Indonesia hoax,5b09d5700fa64044a482f960514d358402a3c4b9b68f7cb9ad5e18a8b4283e74,6.txt,0,0,0,0,0,0,0,0,0,0,0,0,0,0,0,0,0,0,0,0,0,0,0,0,0,0,0,0,0,0,0,0,0,0,0,0,0,0,0,0,0,-0.000737842,unrelated
Soekarno is the first president of Indonesia hoax,5b09d5700fa64044a482f960514d358402a3c4b9b68f7cb9ad5e18a8b4283e74,8.txt,0,0,0,0,0,0,0,0,0,1,0,0,0,0,0,0,0,0,0,0,0,0,0,0,0,0,0,0,0,0,0,0,0,0,0,0,0,0,0,2,0,0.199692,unrelated
Soekarno is the first president of Indonesia hoax,5b09d5700fa64044a482f960514d358402a3c4b9b68f7cb9ad5e18a8b4283e74,4.txt,0,0,1,0,2,0,0,0,0,0,0,0,0,0,0,0,0,0,0,0,0,1,0,0,0,0,0,0,0,0,0,0,0,0,0,0,0,1,0,1,3,0.25273,unrelated
Soekarno is the first president of Indonesia hoax,5b09d5700fa64044a482f960514d358402a3c4b9b68f7cb9ad5e18a8b4283e74,2.txt,0,0,0,0,0,0,0,0,0,0,0,0,0,0,0,0,0,0,0,0,0,0,0,0,0,0,0,0,0,0,0,0,0,0,0,0,0,0,0,0,1,0.186897,unrelated
Soekarno is the first president of Indonesia hoax,5b09d5700fa64044a482f960514d358402a3c4b9b68f7cb9ad5e18a8b4283e74,5.txt,0,0,0,0,0,0,0,0,0,0,0,0,0,0,0,0,0,0,0,0,0,0,0,0,0,0,0,0,0,0,0,0,0,0,0,0,0,0,0,0,0,0.347558,unrelated
Soekarno is the first president of Indonesia hoax,5b09d5700fa64044a482f960514d358402a3c4b9b68f7cb9ad5e18a8b4283e74,1.txt,0,0,0,1,0,0,0,0,0,1,0,0,0,0,0,0,0,0,0,0,0,0,0,0,0,0,0,0,0,0,0,0,0,0,0,5,3,1,0,0,5,0.493422,fact
Soekarno is the first president of Indonesia hoax,5b09d5700fa64044a482f960514d358402a3c4b9b68f7cb9ad5e18a8b4283e74,0.txt,3,0,5,0,1,0,0,4,0,0,0,0,0,0,0,0,0,0,0,0,0,0,0,0,0,0,0,0,0,0,0,0,0,0,0,1,0,1,0,0,3,0.885478,unrelated
Bananas are curved because they grow towards the sun. hoax,6620609201243218b7b64868cd38cacdc1be9655fa10554565778bde2c376473,7.txt,0,0,0,0,0,1,0,0,0,0,0,0,0,0,1,0,0,0,0,0,0,0,0,0,0,0,0,0,0,0,0,0,2,0,0,0,0,1,1,1,1,0.222657,unrelated
Bananas are curved because they grow towards the sun. hoax,6620609201243218b7b64868cd38cacdc1be9655fa10554565778bde2c376473,6.txt,0,0,0,0,0,0,0,0,0,0,0,0,0,0,0,0,0,0,0,0,0,0,0,0,0,0,0,0,0,0,0,0,0,0,0,0,0,0,0,0,0,0.0349882,unrelated
Bananas are curved because they grow towards the sun. hoax,6620609201243218b7b64868cd38cacdc1be9655fa10554565778bde2c376473,5.txt,0,0,0,0,0,0,0,0,0,0,0,0,0,0,0,0,0,0,0,0,0,0,0,0,0,0,0,0,0,0,0,0,0,0,0,0,0,0,0,0,0,0.0637084,unrelated
Bananas are curved because they grow towards the sun. hoax,6620609201243218b7b64868cd38cacdc1be9655fa10554565778bde2c376473,1.txt,0,0,0,0,0,0,0,0,0,0,0,0,0,0,0,0,0,0,0,0,0,0,0,0,0,0,0,0,0,0,0,0,0,0,0,0,0,0,0,0,0,0.667047,fact
Bananas are curved because they grow towards the sun. hoax,6620609201243218b7b64868cd38cacdc1be9655fa10554565778bde2c376473,0.txt,0,0,0,0,0,0,0,0,0,0,0,0,0,0,0,0,0,0,0,0,0,0,0,0,0,0,0,0,0,0,0,0,0,0,0,0,0,0,0,0,0,0.918525,fact
Jokowi is christian hoax,66387e8b91fad9fd9751632df7d720ebb2644d76a5c8544c9d333c6cf1dd3c35,9.txt,0,0,0,0,0,0,0,0,0,0,0,0,0,0,0,0,0,0,0,0,0,0,0,0,0,0,0,0,0,0,0,0,0,0,0,2,1,1,1,0,3,0.497986,unrelated
Jokowi is christian hoax,66387e8b91fad9fd9751632df7d720ebb2644d76a5c8544c9d333c6cf1dd3c35,6.txt,3,0,11,0,1,0,1,11,0,0,0,0,0,0,0,0,0,0,0,0,0,0,0,0,0,0,0,0,0,0,0,0,0,0,0,0,0,0,0,0,0,0.608357,hoax
Jokowi is christian hoax,66387e8b91fad9fd9751632df7d720ebb2644d76a5c8544c9d333c6cf1dd3c35,8.txt,5,0,10,0,1,0,0,7,0,0,0,0,0,0,0,0,0,0,0,0,0,0,0,0,0,0,0,0,0,0,0,0,0,0,0,0,0,0,1,0,0,0.644127,hoax
Jokowi is christian hoax,66387e8b91fad9fd9751632df7d720ebb2644d76a5c8544c9d333c6cf1dd3c35,4.txt,1,0,6,0,0,2,2,4,0,0,0,0,0,0,1,0,0,0,0,0,0,0,0,0,0,0,0,0,0,0,0,1,1,0,0,0,0,1,0,0,0,0.283622,hoax
Jokowi is christian hoax,66387e8b91fad9fd9751632df7d720ebb2644d76a5c8544c9d333c6cf1dd3c35,2.txt,2,0,4,0,0,0,0,4,0,0,0,0,0,0,0,0,0,0,0,0,0,0,0,0,0,0,0,0,0,0,0,0,0,0,0,0,0,0,0,0,0,0.168374,hoax
Jokowi is christian hoax,66387e8b91fad9fd9751632df7d720ebb2644d76a5c8544c9d333c6cf1dd3c35,5.txt,0,0,0,0,0,0,0,0,0,0,0,0,0,1,0,0,0,0,0,0,0,0,0,0,0,0,0,0,0,0,0,0,0,0,0,2,0,1,0,1,3,0.606021,unrelated
Jokowi is christian hoax,66387e8b91fad9fd9751632df7d720ebb2644d76a5c8544c9d333c6cf1dd3c35,0.txt,6,0,6,0,2,4,0,6,0,0,1,0,0,0,0,0,0,0,0,0,0,0,0,0,0,0,0,0,0,0,0,0,0,0,0,0,0,0,1,0,1,0.838977,hoax
George Soros Dies of Heart Attack hoax,6a16d36c7478f930a73dcbe965d67eacd719e20c50ed6d9c0b8891b1888b0db3,9.txt,0,0,0,0,0,0,0,0,0,0,0,0,0,0,0,0,0,0,0,0,0,0,0,0,0,0,0,0,0,0,0,0,0,0,0,0,0,0,0,0,0,0.0172747,unrelated
George Soros Dies of Heart Attack hoax,6a16d36c7478f930a73dcbe965d67eacd719e20c50ed6d9c0b8891b1888b0db3,7.txt,1,0,2,0,0,0,0,1,0,0,0,0,0,0,0,0,0,0,0,0,0,0,0,0,0,0,0,0,0,0,0,0,0,0,0,0,0,0,0,0,0,0.602987,fact
George Soros Dies of Heart Attack hoax,6a16d36c7478f930a73dcbe965d67eacd719e20c50ed6d9c0b8891b1888b0db3,3.txt,0,0,0,0,0,0,0,0,0,0,0,0,0,0,0,0,0,0,0,0,0,0,0,0,0,0,0,0,0,0,0,0,0,0,0,0,0,0,0,0,0,0,unrelated
George Soros Dies of Heart Attack hoax,6a16d36c7478f930a73dcbe965d67eacd719e20c50ed6d9c0b8891b1888b0db3,8.txt,0,0,0,0,0,0,0,0,0,0,0,0,0,0,0,0,0,0,0,0,0,0,0,0,0,0,0,0,0,0,0,0,0,0,0,0,0,0,0,0,0,0,unrelated
George Soros Dies of Heart Attack hoax,6a16d36c7478f930a73dcbe965d67eacd719e20c50ed6d9c0b8891b1888b0db3,4.txt,0,0,0,0,0,0,0,0,0,0,0,0,0,0,0,0,0,0,0,0,0,0,0,0,0,0,0,0,0,0,0,0,0,0,0,0,0,0,0,0,0,0,unrelated
George Soros Dies of Heart Attack hoax,6a16d36c7478f930a73dcbe965d67eacd719e20c50ed6d9c0b8891b1888b0db3,2.txt,0,0,0,0,0,0,0,0,0,0,0,0,0,0,0,0,0,0,0,0,0,0,0,0,0,0,0,0,0,0,0,0,0,0,0,0,0,0,0,0,0,0,unrelated
George Soros Dies of Heart Attack hoax,6a16d36c7478f930a73dcbe965d67eacd719e20c50ed6d9c0b8891b1888b0db3,1.txt,3,0,3,0,0,2,0,1,0,0,0,0,0,0,0,1,0,1,0,0,0,0,0,0,0,0,0,0,0,0,0,0,0,0,0,0,0,0,0,0,0,0.927478,hoax
George Soros Dies of Heart Attack hoax,6a16d36c7478f930a73dcbe965d67eacd719e20c50ed6d9c0b8891b1888b0db3,0.txt,0,0,0,0,0,1,0,0,0,0,0,0,0,0,0,0,0,0,0,0,0,0,0,0,0,0,0,0,0,0,0,0,0,0,0,0,0,0,0,0,0,0.733965,hoax
Jokowi is chinese hoax,799a9082392ec0bde6ffb1ff8e6e756fdd9fbfbee2d54c5b73629318e5894b47,9.txt,8,0,0,0,0,0,0,0,0,0,0,0,0,0,0,0,0,0,0,0,0,0,0,0,0,0,0,0,0,0,0,0,0,0,0,0,0,0,0,0,0,0.496831,unrelated
Jokowi is chinese hoax,799a9082392ec0bde6ffb1ff8e6e756fdd9fbfbee2d54c5b73629318e5894b47,7.txt,3,0,5,0,1,0,0,4,0,0,0,0,0,0,0,0,0,0,0,0,0,0,0,0,0,0,0,0,0,0,0,0,0,0,0,1,0,1,0,0,3,0.351587,hoax
Jokowi is chinese hoax,799a9082392ec0bde6ffb1ff8e6e756fdd9fbfbee2d54c5b73629318e5894b47,3.txt,0,0,13,0,0,3,0,13,0,0,0,0,0,0,0,0,0,0,1,0,0,0,0,0,0,0,0,0,0,0,0,0,1,0,0,0,0,0,0,1,1,0.366293,unrelated
Jokowi is chinese hoax,799a9082392ec0bde6ffb1ff8e6e756fdd9fbfbee2d54c5b73629318e5894b47,6.txt,0,0,0,0,0,0,0,0,0,0,0,0,0,0,0,0,0,0,0,0,0,0,0,0,0,0,0,0,0,0,0,0,0,0,0,0,0,0,0,0,0,0.0165913,unrelated
Jokowi is chinese hoax,799a9082392ec0bde6ffb1ff8e6e756fdd9fbfbee2d54c5b73629318e5894b47,4.txt,0,0,2,0,0,0,0,2,0,0,1,0,0,0,0,0,0,0,0,0,0,0,0,0,0,0,0,0,0,0,0,0,0,0,0,2,0,0,0,0,0,0.705038,hoax
Jokowi is chinese hoax,799a9082392ec0bde6ffb1ff8e6e756fdd9fbfbee2d54c5b73629318e5894b47,2.txt,3,0,11,0,1,0,1,11,0,0,0,0,0,0,0,0,0,0,0,0,0,0,0,0,0,0,0,0,0,0,0,0,0,0,0,0,0,0,0,0,0,0.575813,hoax
Jokowi is chinese hoax,799a9082392ec0bde6ffb1ff8e6e756fdd9fbfbee2d54c5b73629318e5894b47,0.txt,6,0,6,0,2,4,0,6,0,0,1,0,0,0,0,0,0,0,0,0,0,0,0,0,0,0,0,0,0,0,0,0,0,0,0,0,0,0,1,0,1,0.788291,hoax
Nicolas Cage Death hoax,7bf15f955304f59dc74f828bb0089fe109364cb530a8845fddab63363df5f7e2,9.txt,1,0,0,0,0,0,0,0,0,0,0,0,0,0,0,0,0,0,0,0,0,0,0,0,0,0,0,0,0,0,0,0,0,0,0,0,0,0,0,0,0,0.429619,hoax
Nicolas Cage Death hoax,7bf15f955304f59dc74f828bb0089fe109364cb530a8845fddab63363df5f7e2,7.txt,4,0,4,0,2,1,0,0,0,1,0,0,0,1,0,2,0,0,0,0,0,0,0,0,0,0,0,0,0,0,0,0,0,0,0,0,0,0,0,0,1,0.559914,hoax
Nicolas Cage Death hoax,7bf15f955304f59dc74f828bb0089fe109364cb530a8845fddab63363df5f7e2,3.txt,0,0,0,0,0,0,0,0,0,0,0,0,0,0,0,0,0,0,0,0,0,0,0,0,0,0,0,0,0,0,0,0,0,0,0,0,0,0,0,0,0,-7.25E-09,unrelated
Nicolas Cage Death hoax,7bf15f955304f59dc74f828bb0089fe109364cb530a8845fddab63363df5f7e2,6.txt,2,0,0,0,0,0,0,0,0,1,0,0,0,0,0,2,0,0,0,0,0,0,0,0,0,0,0,0,0,0,0,0,1,0,0,0,0,0,0,0,0,0.804176,hoax
Nicolas Cage Death hoax,7bf15f955304f59dc74f828bb0089fe109364cb530a8845fddab63363df5f7e2,8.txt,5,0,0,0,1,2,1,0,0,0,0,0,0,0,0,3,0,0,0,0,0,0,0,0,0,0,0,0,0,0,0,0,0,0,0,0,0,0,0,0,0,0.800538,hoax
Nicolas Cage Death hoax,7bf15f955304f59dc74f828bb0089fe109364cb530a8845fddab63363df5f7e2,4.txt,2,0,0,0,1,0,0,0,0,0,0,0,0,0,0,1,0,0,0,0,0,0,0,0,0,0,0,0,0,0,0,0,0,0,0,0,0,0,0,0,0,0.743421,hoax
Nicolas Cage Death hoax,7bf15f955304f59dc74f828bb0089fe109364cb530a8845fddab63363df5f7e2,2.txt,2,0,0,0,1,0,0,0,0,0,0,0,0,0,0,2,0,0,0,0,0,0,0,0,0,0,0,0,0,0,0,0,0,0,0,0,0,0,0,0,0,0.605347,hoax
Nicolas Cage Death hoax,7bf15f955304f59dc74f828bb0089fe109364cb530a8845fddab63363df5f7e2,5.txt,1,0,0,0,0,0,0,0,0,0,0,0,0,0,0,0,0,0,0,0,0,0,0,0,0,0,0,0,0,0,0,0,0,0,0,0,0,0,0,0,0,0.231876,hoax
Nicolas Cage Death hoax,7bf15f955304f59dc74f828bb0089fe109364cb530a8845fddab63363df5f7e2,1.txt,2,0,3,0,0,0,0,1,0,0,0,0,0,0,0,2,0,0,0,0,0,0,0,0,0,0,0,0,0,0,0,0,3,0,0,0,0,1,0,0,0,0.497829,hoax
Nicolas Cage Death hoax,7bf15f955304f59dc74f828bb0089fe109364cb530a8845fddab63363df5f7e2,0.txt,4,0,0,0,1,2,1,0,0,0,0,0,0,0,0,2,0,0,0,0,0,0,0,0,0,0,0,0,0,0,0,0,0,0,0,0,0,0,0,0,0,0.743483,hoax
King Salman visit Bali hoax,7fc876724ea4f034fc1bd144027e159e942726dfbb13cb849bd92464f4786ffd,9.txt,0,0,3,0,0,0,0,3,0,0,0,0,0,0,0,0,0,0,0,0,0,0,0,0,0,0,0,0,0,0,0,0,0,0,0,0,0,0,0,0,0,0.0562279,unrelated
King Salman visit Bali hoax,7fc876724ea4f034fc1bd144027e159e942726dfbb13cb849bd92464f4786ffd,7.txt,13,0,3,0,2,3,0,1,0,0,0,0,0,0,0,0,0,0,0,0,1,0,0,0,0,0,0,0,0,0,0,0,0,0,0,0,0,0,0,0,0,0.588235,unrelated
King Salman visit Bali hoax,7fc876724ea4f034fc1bd144027e159e942726dfbb13cb849bd92464f4786ffd,3.txt,1,0,2,0,0,0,0,2,0,0,0,0,0,0,0,0,0,0,0,0,0,0,0,0,0,0,0,0,0,0,0,0,0,0,0,0,1,0,0,0,0,0.152594,unrelated
King Salman visit Bali hoax,7fc876724ea4f034fc1bd144027e159e942726dfbb13cb849bd92464f4786ffd,6.txt,0,0,0,0,0,0,0,0,0,0,0,0,0,0,0,0,0,0,0,0,0,0,0,0,0,0,0,0,0,0,0,0,0,0,0,0,0,0,0,0,2,0.561603,fact
King Salman visit Bali hoax,7fc876724ea4f034fc1bd144027e159e942726dfbb13cb849bd92464f4786ffd,8.txt,0,0,0,0,0,0,0,0,0,0,0,1,0,0,0,0,0,0,0,0,0,0,0,0,0,0,0,0,0,0,0,0,0,0,0,0,0,0,0,0,1,0.751333,fact
King Salman visit Bali hoax,7fc876724ea4f034fc1bd144027e159e942726dfbb13cb849bd92464f4786ffd,4.txt,0,0,0,0,0,0,0,0,0,0,0,0,0,0,0,0,0,0,0,0,0,0,0,0,0,0,0,0,0,0,0,0,0,0,0,0,0,0,0,0,1,0.265134,fact
King Salman visit Bali hoax,7fc876724ea4f034fc1bd144027e159e942726dfbb13cb849bd92464f4786ffd,2.txt,0,0,0,0,0,0,0,0,0,0,0,0,0,0,0,0,0,0,0,0,0,0,0,0,0,0,0,0,0,0,0,0,0,0,0,1,0,0,0,0,1,0.551375,fact
King Salman visit Bali hoax,7fc876724ea4f034fc1bd144027e159e942726dfbb13cb849bd92464f4786ffd,1.txt,0,0,0,0,0,0,0,0,0,0,0,1,1,0,0,0,0,0,0,0,0,0,0,0,0,0,0,0,0,0,0,0,0,0,0,0,0,0,0,0,1,0.544308,fact
King Salman visit Bali hoax,7fc876724ea4f034fc1bd144027e159e942726dfbb13cb849bd92464f4786ffd,0.txt,0,0,0,0,0,0,0,0,0,0,0,0,0,0,0,0,0,0,0,0,0,0,0,0,0,0,0,0,0,0,0,0,0,0,0,2,0,0,0,0,0,0.493039,fact
Forbes 2011 McDuck $44 billion hoax,89e1ca24ad7a95536f8e23f54fa7348b54c17607487f8e2698a825587ac701f6,9.txt,0,0,0,0,0,0,0,0,0,0,0,0,0,0,0,0,0,0,0,0,0,0,0,0,0,0,0,0,0,0,0,0,0,0,0,0,0,0,0,0,0,0.445161,fact
Forbes 2011 McDuck $44 billion hoax,89e1ca24ad7a95536f8e23f54fa7348b54c17607487f8e2698a825587ac701f6,7.txt,0,0,0,0,0,0,0,0,0,0,0,0,0,0,0,0,0,0,0,0,0,0,0,0,0,0,0,0,0,0,0,0,0,0,0,0,0,0,0,0,0,0.991614,fact
Forbes 2011 McDuck $44 billion hoax,89e1ca24ad7a95536f8e23f54fa7348b54c17607487f8e2698a825587ac701f6,3.txt,0,0,0,0,0,0,0,0,0,0,0,0,0,0,0,0,0,0,0,0,0,0,0,0,0,0,0,0,0,0,0,0,0,0,0,0,0,0,0,0,0,0.0561432,unrelated
Forbes 2011 McDuck $44 billion hoax,89e1ca24ad7a95536f8e23f54fa7348b54c17607487f8e2698a825587ac701f6,6.txt,0,0,0,0,0,0,0,0,0,0,0,0,0,0,0,0,0,0,0,0,0,0,0,0,0,0,0,0,0,0,0,0,0,0,0,0,0,0,0,0,0,0.0369415,unrelated
Forbes 2011 McDuck $44 billion hoax,89e1ca24ad7a95536f8e23f54fa7348b54c17607487f8e2698a825587ac701f6,8.txt,0,0,0,0,0,0,0,0,0,0,0,0,0,0,0,0,0,0,0,0,0,0,0,0,0,0,0,0,0,0,0,0,0,0,0,0,0,0,0,0,0,0.0830847,unrelated
Forbes 2011 McDuck $44 billion hoax,89e1ca24ad7a95536f8e23f54fa7348b54c17607487f8e2698a825587ac701f6,2.txt,0,0,0,0,0,0,0,0,0,0,0,0,0,0,0,0,0,0,0,0,0,0,0,0,0,0,0,0,0,0,0,0,0,0,0,0,0,1,1,1,0,0.365933,unknown
Forbes 2011 McDuck $44 billion hoax,89e1ca24ad7a95536f8e23f54fa7348b54c17607487f8e2698a825587ac701f6,0.txt,0,0,0,0,0,0,0,0,0,0,0,1,0,0,0,0,0,0,0,0,0,0,0,0,0,0,0,0,0,0,0,0,1,0,0,0,1,0,0,0,0,0.0872738,unrelated
Brad Pitt Death hoax,92ae0a0319e63936ade4eba7c605a6fafe45befb69ef0de339c0247b8a1307cf,9.txt,3,0,3,0,0,0,0,0,0,0,0,0,0,0,0,0,0,2,0,0,0,0,0,0,0,0,0,0,0,0,0,0,0,0,0,0,0,1,0,0,0,0.903013,hoax
Brad Pitt Death hoax,92ae0a0319e63936ade4eba7c605a6fafe45befb69ef0de339c0247b8a1307cf,3.txt,1,0,2,0,0,0,1,0,0,2,0,0,0,0,0,0,0,1,0,0,0,0,0,0,0,0,0,0,0,0,0,0,0,0,0,0,0,0,0,0,0,0.278675,hoax
Brad Pitt Death hoax,92ae0a0319e63936ade4eba7c605a6fafe45befb69ef0de339c0247b8a1307cf,6.txt,1,0,1,0,0,0,0,0,0,0,0,0,0,0,0,0,0,1,0,0,0,0,0,0,0,0,0,0,0,0,0,0,0,0,0,0,0,0,0,0,0,0.381514,hoax
Brad Pitt Death hoax,92ae0a0319e63936ade4eba7c605a6fafe45befb69ef0de339c0247b8a1307cf,8.txt,3,0,4,0,0,2,0,2,0,0,0,0,0,0,0,1,0,1,2,0,0,0,1,0,0,0,0,0,0,0,0,0,0,0,0,0,0,0,0,0,0,0.479014,hoax
Brad Pitt Death hoax,92ae0a0319e63936ade4eba7c605a6fafe45befb69ef0de339c0247b8a1307cf,4.txt,1,0,1,0,0,0,0,0,0,0,0,0,0,0,0,0,0,0,0,0,0,0,0,0,0,0,0,0,0,0,0,0,0,0,0,0,0,0,0,0,0,0.347675,hoax
Brad Pitt Death hoax,92ae0a0319e63936ade4eba7c605a6fafe45befb69ef0de339c0247b8a1307cf,2.txt,6,0,0,0,0,1,0,0,0,0,0,0,0,0,0,0,0,0,0,0,0,0,0,0,0,0,0,0,0,0,0,0,0,0,0,0,0,1,0,0,0,0.835217,hoax
Brad Pitt Death hoax,92ae0a0319e63936ade4eba7c605a6fafe45befb69ef0de339c0247b8a1307cf,5.txt,1,0,1,0,1,1,0,0,0,1,0,0,0,0,0,1,0,0,1,0,0,0,0,0,0,0,0,0,0,0,0,0,0,0,0,0,0,0,0,0,0,0.635917,hoax
Brad Pitt Death hoax,92ae0a0319e63936ade4eba7c605a6fafe45befb69ef0de339c0247b8a1307cf,1.txt,0,0,0,0,0,0,0,0,0,0,0,0,0,0,0,0,0,0,0,0,0,0,0,0,0,0,0,0,0,0,0,0,0,0,0,0,0,0,0,0,0,0.32624,hoax
Brad Pitt Death hoax,92ae0a0319e63936ade4eba7c605a6fafe45befb69ef0de339c0247b8a1307cf,0.txt,2,0,1,0,1,3,0,1,0,0,0,0,0,0,0,1,0,0,1,0,0,0,0,0,0,0,0,0,0,0,0,0,0,0,0,0,0,1,0,0,0,0.698902,hoax
Airport scanners rip apart DNA hoax,9412b5e80c142d04cb9f919be8681e0fce8a66967d4d60b2538ff150b4983cd1,9.txt,0,0,0,0,0,0,0,0,0,0,0,1,0,0,0,0,0,0,0,0,0,0,0,0,0,0,0,0,0,0,0,0,0,0,0,1,0,0,0,1,0,0.6873,fact
Airport scanners rip apart DNA hoax,9412b5e80c142d04cb9f919be8681e0fce8a66967d4d60b2538ff150b4983cd1,7.txt,0,0,0,0,0,0,0,0,1,0,0,0,0,0,0,0,0,0,0,0,0,0,0,0,0,0,0,0,0,0,0,0,1,0,2,1,2,0,0,2,0,0.209028,hoax
Airport scanners rip apart DNA hoax,9412b5e80c142d04cb9f919be8681e0fce8a66967d4d60b2538ff150b4983cd1,6.txt,0,0,1,0,0,0,0,0,0,0,0,1,0,0,0,0,0,0,0,0,0,0,0,0,0,0,0,0,0,0,0,1,1,0,0,0,2,0,0,0,0,0.291274,hoax
Airport scanners rip apart DNA hoax,9412b5e80c142d04cb9f919be8681e0fce8a66967d4d60b2538ff150b4983cd1,8.txt,0,0,0,0,0,0,0,0,0,0,0,0,0,0,0,0,0,0,0,0,0,0,0,0,0,0,0,0,0,0,0,0,0,0,0,0,0,0,0,0,0,0.323085,hoax
Airport scanners rip apart DNA hoax,9412b5e80c142d04cb9f919be8681e0fce8a66967d4d60b2538ff150b4983cd1,4.txt,0,0,0,0,0,0,0,0,0,0,0,0,0,0,0,0,0,0,0,0,0,0,0,0,0,0,0,0,0,0,0,0,0,0,0,0,0,0,0,0,2,0.351068,unrelated
Airport scanners rip apart DNA hoax,9412b5e80c142d04cb9f919be8681e0fce8a66967d4d60b2538ff150b4983cd1,2.txt,0,0,0,0,0,0,0,0,0,0,0,1,0,0,0,0,0,0,0,0,0,0,0,0,0,0,0,0,0,0,0,0,0,0,0,1,0,0,0,3,0,0.22217,unrelated
Airport scanners rip apart DNA hoax,9412b5e80c142d04cb9f919be8681e0fce8a66967d4d60b2538ff150b4983cd1,5.txt,0,0,0,0,0,0,0,0,0,0,0,0,0,0,0,0,0,0,0,0,0,0,0,0,0,0,0,0,0,0,0,0,0,0,0,0,0,0,0,0,0,-0.00170005,unrelated
Airport scanners rip apart DNA hoax,9412b5e80c142d04cb9f919be8681e0fce8a66967d4d60b2538ff150b4983cd1,0.txt,0,0,0,0,0,1,0,0,0,0,1,0,0,0,0,0,0,0,0,0,0,0,0,0,0,0,0,0,0,0,0,0,0,0,0,1,11,0,0,0,0,0.485377,hoax
Eric Braverman hoax,a40758870e158e0583ceb93d083d6371e314a9cb544979ba613a05c67b8b07ac,9.txt,0,0,0,0,2,1,0,0,0,0,2,0,0,0,0,0,0,0,0,0,0,1,0,0,0,0,0,0,0,0,0,0,0,0,0,0,0,0,0,3,0,0.481732,unknown
Eric Braverman hoax,a40758870e158e0583ceb93d083d6371e314a9cb544979ba613a05c67b8b07ac,7.txt,0,0,0,0,0,0,0,0,0,0,0,0,0,0,0,0,0,0,0,0,0,0,0,0,0,0,0,0,0,0,0,0,0,0,0,0,0,0,0,0,0,0.585987,unknown
Eric Braverman hoax,a40758870e158e0583ceb93d083d6371e314a9cb544979ba613a05c67b8b07ac,6.txt,0,0,0,0,0,0,1,0,0,0,0,0,0,0,0,0,0,0,0,0,0,0,0,0,0,0,0,0,0,0,0,0,2,2,0,0,0,1,0,0,1,0.466025,fact
Eric Braverman hoax,a40758870e158e0583ceb93d083d6371e314a9cb544979ba613a05c67b8b07ac,8.txt,0,0,0,0,0,0,0,0,0,0,0,0,0,0,0,0,0,0,0,0,0,0,0,0,0,0,0,0,0,0,0,0,0,0,0,0,0,0,0,0,0,0,unrelated
Eric Braverman hoax,a40758870e158e0583ceb93d083d6371e314a9cb544979ba613a05c67b8b07ac,4.txt,0,0,0,0,0,1,0,0,0,0,0,2,0,1,0,0,0,0,0,0,0,0,0,0,0,0,0,0,0,0,0,2,0,1,1,1,0,1,0,1,0,0.251511,hoax
Eric Braverman hoax,a40758870e158e0583ceb93d083d6371e314a9cb544979ba613a05c67b8b07ac,2.txt,0,0,0,0,0,0,0,0,0,0,0,0,0,0,0,0,0,0,0,0,0,0,0,0,0,0,0,0,0,0,0,0,0,0,0,0,0,0,0,0,0,0.841213,hoax
Eric Braverman hoax,a40758870e158e0583ceb93d083d6371e314a9cb544979ba613a05c67b8b07ac,5.txt,0,0,2,0,2,2,0,1,0,0,0,1,0,0,0,0,0,0,0,0,0,0,0,0,0,0,0,0,1,0,0,0,1,0,0,0,0,2,0,4,1,0.476691,hoax
Eric Braverman hoax,a40758870e158e0583ceb93d083d6371e314a9cb544979ba613a05c67b8b07ac,1.txt,0,0,1,0,1,1,0,1,0,1,5,0,0,0,0,0,0,0,0,0,0,0,0,0,0,0,0,0,0,0,0,0,0,0,0,0,0,2,0,0,3,0.43017,hoax
Eric Braverman hoax,a40758870e158e0583ceb93d083d6371e314a9cb544979ba613a05c67b8b07ac,0.txt,0,0,0,0,2,1,0,0,0,0,2,0,0,0,0,0,0,0,0,0,0,3,0,0,0,0,0,0,0,0,0,0,0,0,0,0,0,0,0,5,0,0.598863,hoax
Egplant-flavored condom durex hoax,ad527f584b829d0bd7ad58825180f063bbebd160800b1f9396754b0b9383b380,7.txt,0,0,0,0,0,0,0,0,0,0,0,0,0,0,0,0,0,0,0,0,0,0,0,0,0,0,0,0,0,0,0,0,0,0,0,0,0,0,0,0,0,0.313069,unknown
Egplant-flavored condom durex hoax,ad527f584b829d0bd7ad58825180f063bbebd160800b1f9396754b0b9383b380,3.txt,0,0,0,0,0,0,0,0,0,0,0,0,0,0,0,0,0,0,0,0,0,0,0,0,0,0,0,0,0,0,0,0,0,0,0,0,0,0,0,0,2,0.244799,hoax
Egplant-flavored condom durex hoax,ad527f584b829d0bd7ad58825180f063bbebd160800b1f9396754b0b9383b380,6.txt,0,0,0,0,0,0,0,0,0,0,0,0,0,0,0,0,0,0,0,0,0,0,0,0,0,0,0,0,0,0,0,0,0,0,0,0,0,0,0,0,0,0.0405176,unknown
Egplant-flavored condom durex hoax,ad527f584b829d0bd7ad58825180f063bbebd160800b1f9396754b0b9383b380,8.txt,0,0,1,0,0,0,1,0,1,0,0,0,0,0,0,0,0,0,0,0,0,0,0,0,0,0,0,0,0,0,0,0,0,0,0,0,0,0,0,0,0,0.374688,hoax
Egplant-flavored condom durex hoax,ad527f584b829d0bd7ad58825180f063bbebd160800b1f9396754b0b9383b380,4.txt,0,0,0,0,0,0,0,0,0,0,0,0,0,0,0,0,0,0,0,0,0,0,0,0,0,0,0,0,0,0,0,0,0,0,0,0,0,0,1,0,0,0.128636,unknown
Egplant-flavored condom durex hoax,ad527f584b829d0bd7ad58825180f063bbebd160800b1f9396754b0b9383b380,2.txt,0,0,0,0,0,0,0,0,0,0,0,0,0,0,0,0,0,0,0,0,0,0,0,0,0,0,0,0,0,0,0,0,0,0,0,0,0,0,0,0,6,0.219804,hoax
Egplant-flavored condom durex hoax,ad527f584b829d0bd7ad58825180f063bbebd160800b1f9396754b0b9383b380,5.txt,1,0,0,0,0,0,0,0,0,0,0,0,0,0,0,0,0,0,0,0,0,0,0,0,0,0,0,0,0,0,0,0,0,0,0,0,0,0,0,1,0,0.622986,hoax
Egplant-flavored condom durex hoax,ad527f584b829d0bd7ad58825180f063bbebd160800b1f9396754b0b9383b380,1.txt,0,0,0,0,0,0,0,0,0,0,0,0,0,0,0,0,0,0,0,0,0,0,0,0,0,0,0,0,0,0,0,0,0,0,0,0,0,0,0,0,2,0.62095,unknown
Egplant-flavored condom durex hoax,ad527f584b829d0bd7ad58825180f063bbebd160800b1f9396754b0b9383b380,0.txt,1,0,0,0,0,0,0,0,0,0,0,0,0,0,0,0,0,0,0,0,0,0,0,0,0,0,0,0,0,0,0,0,0,0,0,0,0,0,0,0,2,0.783747,hoax
Nelson Mandela Death hoax,b1976fa56518df560089bf03156d37495d53253a23c22d77c39ae39bd2f491df,9.txt,1,0,0,0,0,1,0,0,0,0,0,1,0,0,0,1,0,0,0,0,0,0,0,0,0,0,0,0,0,0,0,0,0,0,0,0,0,0,0,0,0,0.207135,hoax
Nelson Mandela Death hoax,b1976fa56518df560089bf03156d37495d53253a23c22d77c39ae39bd2f491df,7.txt,0,0,0,0,0,1,1,0,0,0,0,0,0,1,0,0,0,0,0,0,0,0,0,0,0,0,0,0,0,0,0,3,0,0,0,0,0,0,0,2,0,0.0250478,fact
Nelson Mandela Death hoax,b1976fa56518df560089bf03156d37495d53253a23c22d77c39ae39bd2f491df,3.txt,11,0,0,1,0,0,1,0,0,0,0,0,0,0,0,1,0,0,0,0,0,0,0,0,0,0,0,0,0,0,0,0,2,0,0,1,0,1,0,0,0,0.968473,hoax
Nelson Mandela Death hoax,b1976fa56518df560089bf03156d37495d53253a23c22d77c39ae39bd2f491df,6.txt,0,0,0,0,0,0,0,0,0,0,0,0,0,0,0,0,0,0,0,0,0,0,0,0,0,0,0,0,0,0,0,0,1,3,0,1,0,1,0,3,6,0.0877258,fact
Nelson Mandela Death hoax,b1976fa56518df560089bf03156d37495d53253a23c22d77c39ae39bd2f491df,4.txt,0,0,2,0,0,0,0,0,0,0,0,3,0,0,0,0,0,0,0,0,0,0,0,0,0,0,0,0,0,0,0,0,0,0,0,0,0,0,0,0,3,0.0534231,fact
Nelson Mandela Death hoax,b1976fa56518df560089bf03156d37495d53253a23c22d77c39ae39bd2f491df,5.txt,1,0,0,0,0,0,0,0,0,0,0,0,0,0,0,1,0,0,0,0,0,0,1,0,0,0,0,0,0,0,0,0,0,0,0,0,0,1,0,0,1,0.1817,unknown
Nelson Mandela Death hoax,b1976fa56518df560089bf03156d37495d53253a23c22d77c39ae39bd2f491df,1.txt,0,0,0,0,0,2,0,0,0,0,0,0,0,0,0,0,0,0,0,0,0,0,0,0,0,0,0,0,0,0,0,0,0,0,0,0,0,0,0,0,0,0.0184281,fact
Miss Universe Alicia Machado Porn Star hoax,bbdfd5f847b10f8756c073592afba66049fddd34e7b1b15c9496e7918a453c4c,9.txt,0,0,0,0,0,0,0,0,0,0,0,0,0,0,0,0,0,0,0,0,0,0,0,0,0,0,0,0,0,0,0,0,0,0,0,0,0,0,0,1,0,0.2153,unknown
Miss Universe Alicia Machado Porn Star hoax,bbdfd5f847b10f8756c073592afba66049fddd34e7b1b15c9496e7918a453c4c,6.txt,0,0,0,0,0,0,0,0,0,0,0,0,0,0,0,0,0,0,0,0,0,0,0,0,0,0,0,0,0,0,0,0,0,0,0,0,0,0,0,0,0,0.116157,unknown
Miss Universe Alicia Machado Porn Star hoax,bbdfd5f847b10f8756c073592afba66049fddd34e7b1b15c9496e7918a453c4c,8.txt,0,0,0,0,0,0,0,0,0,0,0,0,0,0,0,0,0,0,0,0,0,0,0,0,0,0,0,0,0,0,0,0,0,1,0,1,0,2,0,0,0,0.214913,unknown
Miss Universe Alicia Machado Porn Star hoax,bbdfd5f847b10f8756c073592afba66049fddd34e7b1b15c9496e7918a453c4c,2.txt,1,0,0,0,1,0,1,0,0,0,1,0,0,0,0,0,0,0,0,0,0,0,0,0,0,0,0,0,0,0,0,0,0,0,0,1,0,0,0,1,0,0.647424,hoax
Miss Universe Alicia Machado Porn Star hoax,bbdfd5f847b10f8756c073592afba66049fddd34e7b1b15c9496e7918a453c4c,5.txt,0,0,0,0,0,0,0,0,0,0,0,0,0,0,0,0,0,0,0,0,0,0,0,0,0,0,0,0,0,0,0,0,0,0,0,1,0,0,0,0,0,0.746655,unknown
Miss Universe Alicia Machado Porn Star hoax,bbdfd5f847b10f8756c073592afba66049fddd34e7b1b15c9496e7918a453c4c,1.txt,0,0,0,0,0,1,0,0,0,0,0,0,0,0,0,0,0,0,0,0,0,0,0,0,0,0,0,0,0,0,0,0,0,0,0,0,0,0,0,0,0,0.764693,fact
Miss Universe Alicia Machado Porn Star hoax,bbdfd5f847b10f8756c073592afba66049fddd34e7b1b15c9496e7918a453c4c,0.txt,1,0,0,0,0,0,0,0,0,0,0,0,0,0,0,0,0,0,0,1,0,0,0,0,0,0,0,1,0,0,0,0,0,0,0,0,0,0,1,0,0,0.538467,hoax
Joyce Meyer Died 73 October 2016 hoax,bc871ef720f4b624d0f09c435c2b3b287a218f24b1e2e8f364930578d9f3765a,7.txt,0,0,0,0,6,1,0,0,0,0,0,0,0,0,3,0,0,0,0,0,0,0,0,0,0,0,0,0,0,0,0,0,2,0,0,0,0,0,0,0,0,0.287807,hoax
Joyce Meyer Died 73 October 2016 hoax,bc871ef720f4b624d0f09c435c2b3b287a218f24b1e2e8f364930578d9f3765a,3.txt,1,0,0,0,0,0,0,0,0,0,0,0,0,0,0,0,0,0,0,0,0,0,0,0,0,0,0,0,0,0,0,0,1,0,0,0,0,0,0,0,0,0.490207,hoax
Joyce Meyer Died 73 October 2016 hoax,bc871ef720f4b624d0f09c435c2b3b287a218f24b1e2e8f364930578d9f3765a,6.txt,0,0,1,0,0,0,0,0,0,0,0,0,0,0,0,0,0,0,0,0,0,0,0,0,0,0,0,0,0,0,0,0,1,0,0,0,0,0,0,0,0,0.168124,unrelated
Joyce Meyer Died 73 October 2016 hoax,bc871ef720f4b624d0f09c435c2b3b287a218f24b1e2e8f364930578d9f3765a,8.txt,0,0,0,0,0,0,0,0,0,0,0,0,0,0,0,0,0,0,0,0,0,0,0,0,0,0,0,0,0,0,0,0,0,0,0,0,0,0,0,0,0,-3.73E-09,unrelated
Joyce Meyer Died 73 October 2016 hoax,bc871ef720f4b624d0f09c435c2b3b287a218f24b1e2e8f364930578d9f3765a,4.txt,2,0,1,0,0,0,0,0,0,0,0,0,0,0,0,0,0,1,0,0,0,0,0,0,0,0,0,0,0,0,0,0,2,0,0,0,0,0,0,0,0,0.671843,hoax
Joyce Meyer Died 73 October 2016 hoax,bc871ef720f4b624d0f09c435c2b3b287a218f24b1e2e8f364930578d9f3765a,5.txt,0,0,0,0,0,0,0,0,0,0,0,0,0,0,0,0,0,0,0,0,0,0,0,0,0,0,0,0,0,0,0,0,0,0,0,0,0,0,0,0,0,0.728331,fact
Joyce Meyer Died 73 October 2016 hoax,bc871ef720f4b624d0f09c435c2b3b287a218f24b1e2e8f364930578d9f3765a,1.txt,1,0,0,0,2,0,0,0,0,0,0,0,0,0,0,0,0,0,0,0,0,0,0,0,0,0,0,0,0,0,0,0,1,0,0,0,0,0,0,0,0,0.785123,hoax
Jellyfish 95 percent water hoax,bcff06143c1ff8d015b9a5c62275cbbf48116eaf9e486b2d535f69d9184d653c,9.txt,0,0,0,0,0,0,0,0,0,1,0,0,0,0,0,0,0,0,0,0,0,0,0,0,0,0,0,0,0,0,0,0,0,0,0,0,0,0,0,0,0,0.287097,unknown
Jellyfish 95 percent water hoax,bcff06143c1ff8d015b9a5c62275cbbf48116eaf9e486b2d535f69d9184d653c,3.txt,0,0,0,0,0,0,0,0,0,0,0,0,0,0,0,0,0,0,0,0,0,0,0,0,0,0,0,0,0,0,0,0,0,0,0,0,0,0,0,0,0,0.00430924,unrelated
Jellyfish 95 percent water hoax,bcff06143c1ff8d015b9a5c62275cbbf48116eaf9e486b2d535f69d9184d653c,6.txt,0,0,0,0,0,0,0,0,0,0,0,0,0,0,0,0,0,0,0,0,0,0,0,0,0,0,0,0,0,0,0,1,0,0,0,0,0,1,0,0,0,0.876038,fact
Jellyfish 95 percent water hoax,bcff06143c1ff8d015b9a5c62275cbbf48116eaf9e486b2d535f69d9184d653c,8.txt,0,0,0,0,0,0,0,0,0,0,0,0,0,0,0,0,0,0,0,0,0,0,0,0,0,0,0,0,0,0,0,0,0,0,0,0,0,0,0,0,0,0.712858,fact
Jellyfish 95 percent water hoax,bcff06143c1ff8d015b9a5c62275cbbf48116eaf9e486b2d535f69d9184d653c,2.txt,0,0,0,0,0,0,0,0,0,0,0,0,0,0,0,0,0,0,0,0,0,0,0,0,0,0,0,0,0,0,0,0,0,0,0,0,0,0,0,0,0,0.889939,fact
Jellyfish 95 percent water hoax,bcff06143c1ff8d015b9a5c62275cbbf48116eaf9e486b2d535f69d9184d653c,5.txt,0,0,0,0,0,0,0,0,0,0,0,0,0,0,0,0,0,0,0,0,0,0,0,0,0,0,0,0,0,0,0,0,0,0,0,0,0,1,0,0,0,0.629083,fact
Jellyfish 95 percent water hoax,bcff06143c1ff8d015b9a5c62275cbbf48116eaf9e486b2d535f69d9184d653c,1.txt,0,0,0,0,0,0,0,0,0,0,0,0,0,0,0,0,0,0,0,0,0,0,0,0,0,0,0,0,0,0,0,0,1,0,0,0,0,0,0,0,1,0.180002,fact
Jellyfish 95 percent water hoax,bcff06143c1ff8d015b9a5c62275cbbf48116eaf9e486b2d535f69d9184d653c,0.txt,0,0,0,0,0,0,0,0,0,0,0,0,0,0,0,0,0,0,0,0,0,0,0,0,0,0,0,0,0,0,0,0,0,0,0,0,0,0,0,0,0,0.747241,fact
Paracetamol contaminated with a dangerous virus hoax,c0e3910c7156bdfba7e925b70d8df03283b1ef021c7427899e179e090ca48add,9.txt,3,2,0,0,0,1,0,0,0,0,0,0,0,0,0,0,0,0,0,0,0,0,0,0,0,0,0,0,0,0,0,0,0,0,0,0,0,0,0,0,0,0.341372,hoax
Paracetamol contaminated with a dangerous virus hoax,c0e3910c7156bdfba7e925b70d8df03283b1ef021c7427899e179e090ca48add,7.txt,1,0,0,0,0,0,0,0,0,0,0,0,0,0,0,0,0,0,0,0,0,0,0,0,0,0,0,0,0,0,0,0,0,0,0,0,0,0,0,0,0,0.854176,unknown
Paracetamol contaminated with a dangerous virus hoax,c0e3910c7156bdfba7e925b70d8df03283b1ef021c7427899e179e090ca48add,3.txt,0,0,0,0,0,0,0,0,0,0,0,0,0,0,0,0,0,0,0,0,0,0,0,0,0,0,0,0,0,0,0,0,0,0,0,0,0,0,0,0,0,0.0728506,unknown
Paracetamol contaminated with a dangerous virus hoax,c0e3910c7156bdfba7e925b70d8df03283b1ef021c7427899e179e090ca48add,6.txt,0,0,0,0,0,1,0,0,0,0,0,0,0,0,0,0,0,0,0,0,0,0,0,0,0,0,0,0,1,0,0,0,0,0,0,0,0,1,0,1,0,0.130534,hoax
Paracetamol contaminated with a dangerous virus hoax,c0e3910c7156bdfba7e925b70d8df03283b1ef021c7427899e179e090ca48add,4.txt,2,0,0,0,0,0,0,0,0,0,0,0,0,0,0,0,0,0,0,0,0,0,0,0,0,0,0,0,0,0,0,0,0,0,0,0,0,0,0,0,0,0.210238,hoax
Paracetamol contaminated with a dangerous virus hoax,c0e3910c7156bdfba7e925b70d8df03283b1ef021c7427899e179e090ca48add,2.txt,4,0,0,0,0,3,1,0,0,0,0,0,0,0,0,0,0,0,0,0,0,0,0,0,0,0,0,0,2,2,0,0,1,0,0,0,0,0,0,0,4,0.38217,hoax
Paracetamol contaminated with a dangerous virus hoax,c0e3910c7156bdfba7e925b70d8df03283b1ef021c7427899e179e090ca48add,5.txt,0,0,1,0,0,0,0,0,0,0,0,0,0,0,0,0,0,0,0,0,0,0,0,0,0,0,0,0,0,0,0,0,0,0,0,0,0,0,0,0,0,0.130609,hoax
Paracetamol contaminated with a dangerous virus hoax,c0e3910c7156bdfba7e925b70d8df03283b1ef021c7427899e179e090ca48add,1.txt,6,0,0,0,4,0,0,0,1,0,0,0,0,0,0,0,0,0,0,0,1,0,0,0,0,0,0,0,0,0,0,0,0,0,0,0,0,0,0,0,2,0.538407,hoax
Paracetamol contaminated with a dangerous virus hoax,c0e3910c7156bdfba7e925b70d8df03283b1ef021c7427899e179e090ca48add,0.txt,1,0,0,0,4,0,0,0,1,0,0,0,0,0,0,0,0,0,0,0,1,0,0,0,0,0,0,0,0,0,0,0,0,0,0,0,0,0,0,0,2,0.381786,hoax
Borobudur temple in Central Java hoax,c620f8c89d92e66c40558848b8b7c6bf1dbe5da0be2ffe8bbf8af08fa05d924f,3.txt,0,0,0,0,0,0,0,0,0,0,0,0,0,0,0,0,0,0,0,0,0,0,0,0,0,0,0,0,0,0,0,0,0,0,0,0,0,0,0,0,0,0.0132489,unrelated
Borobudur temple in Central Java hoax,c620f8c89d92e66c40558848b8b7c6bf1dbe5da0be2ffe8bbf8af08fa05d924f,8.txt,0,0,1,0,0,0,1,0,0,0,0,0,0,0,0,0,0,0,0,0,0,0,0,0,0,0,0,0,0,0,0,0,1,0,0,0,0,0,0,0,0,0.449505,fact
Borobudur temple in Central Java hoax,c620f8c89d92e66c40558848b8b7c6bf1dbe5da0be2ffe8bbf8af08fa05d924f,4.txt,0,0,0,0,0,0,0,0,0,0,0,1,0,0,0,0,0,0,0,0,0,0,0,0,0,0,0,0,0,0,0,0,1,0,0,0,0,0,0,0,1,0.911471,fact
Borobudur temple in Central Java hoax,c620f8c89d92e66c40558848b8b7c6bf1dbe5da0be2ffe8bbf8af08fa05d924f,2.txt,0,0,0,0,0,0,2,0,0,0,0,0,0,0,0,0,0,0,0,0,0,0,1,0,0,0,0,0,0,0,0,0,0,0,0,0,4,3,0,1,4,0.838959,fact
Borobudur temple in Central Java hoax,c620f8c89d92e66c40558848b8b7c6bf1dbe5da0be2ffe8bbf8af08fa05d924f,5.txt,0,0,1,1,0,0,0,0,0,0,0,4,0,0,0,0,0,0,0,0,0,0,0,0,0,0,0,0,0,0,0,0,2,0,0,0,1,0,0,0,6,0.347676,fact
Borobudur temple in Central Java hoax,c620f8c89d92e66c40558848b8b7c6bf1dbe5da0be2ffe8bbf8af08fa05d924f,1.txt,0,0,0,0,0,0,0,0,0,0,0,0,0,0,0,0,0,0,0,0,0,0,0,0,0,0,0,0,0,0,0,0,0,0,0,0,0,0,0,0,0,0.42051,unknown
Borobudur temple in Central Java hoax,c620f8c89d92e66c40558848b8b7c6bf1dbe5da0be2ffe8bbf8af08fa05d924f,0.txt,0,0,0,0,0,0,0,0,0,0,0,0,0,0,0,0,0,0,0,0,0,0,0,0,0,0,0,0,0,0,0,0,0,0,0,0,0,0,0,0,0,0.0108669,unrelated
Left Handed People Die Younger Than Right Handed People hoax,ca39e3bfe2ea322c250266be1ec6ec5eaa853c702dd73b1e1fc76cadd95bfad0,9.txt,2,0,3,0,0,1,0,0,0,1,1,1,0,0,0,0,0,0,0,0,0,0,2,0,0,0,0,0,1,0,0,2,5,5,0,0,0,0,0,4,0,0.115088,unrelated
Left Handed People Die Younger Than Right Handed People hoax,ca39e3bfe2ea322c250266be1ec6ec5eaa853c702dd73b1e1fc76cadd95bfad0,3.txt,0,0,0,0,0,0,0,0,0,0,0,3,0,0,0,0,0,0,0,0,0,0,0,0,0,0,0,0,0,0,0,0,0,0,0,0,2,0,0,0,0,0.505334,hoax
Left Handed People Die Younger Than Right Handed People hoax,ca39e3bfe2ea322c250266be1ec6ec5eaa853c702dd73b1e1fc76cadd95bfad0,6.txt,0,0,0,0,0,0,0,0,0,0,0,0,0,0,0,0,0,0,0,0,0,0,0,0,0,0,0,0,0,0,0,0,0,0,0,0,2,0,0,0,0,0.879232,hoax
Left Handed People Die Younger Than Right Handed People hoax,ca39e3bfe2ea322c250266be1ec6ec5eaa853c702dd73b1e1fc76cadd95bfad0,2.txt,0,0,0,0,0,0,0,0,0,0,0,0,0,0,0,0,0,0,0,0,0,0,0,0,0,0,0,0,0,0,0,0,0,0,0,0,0,0,0,0,0,-2.61E-08,unrelated
Left Handed People Die Younger Than Right Handed People hoax,ca39e3bfe2ea322c250266be1ec6ec5eaa853c702dd73b1e1fc76cadd95bfad0,0.txt,0,0,0,0,0,0,0,0,0,0,0,0,0,0,0,0,0,0,0,0,0,0,0,0,0,0,0,0,0,0,0,0,0,0,2,0,2,0,0,1,0,0.74667,hoax
Japanese invaded and occupied Indonesia 1942 hoax,ce219bc50a38866780d4869393c14559ffa41cbb3664a331fcb4f70de5c9940c,7.txt,0,0,0,0,0,0,1,0,0,0,0,0,0,0,0,0,0,0,0,0,0,0,0,0,0,0,0,0,0,0,0,0,2,0,0,0,0,3,0,0,3,0.545722,fact
Japanese invaded and occupied Indonesia 1942 hoax,ce219bc50a38866780d4869393c14559ffa41cbb3664a331fcb4f70de5c9940c,6.txt,0,0,0,0,0,0,0,0,0,0,0,0,0,0,0,0,0,0,0,0,0,0,0,0,0,0,0,0,0,0,0,0,0,0,0,0,0,0,0,0,0,0.383398,unknown
Japanese invaded and occupied Indonesia 1942 hoax,ce219bc50a38866780d4869393c14559ffa41cbb3664a331fcb4f70de5c9940c,4.txt,0,0,0,0,0,0,0,0,0,0,0,0,0,0,0,0,0,0,0,0,0,0,0,0,0,0,0,0,0,0,0,0,0,0,0,0,0,0,0,0,0,0.535807,fact
Japanese invaded and occupied Indonesia 1942 hoax,ce219bc50a38866780d4869393c14559ffa41cbb3664a331fcb4f70de5c9940c,2.txt,0,0,3,0,0,0,0,0,0,0,0,0,0,0,0,0,0,0,0,0,0,0,0,0,0,0,0,0,0,0,0,0,1,0,0,2,0,0,0,0,1,0.421769,unknown
Japanese invaded and occupied Indonesia 1942 hoax,ce219bc50a38866780d4869393c14559ffa41cbb3664a331fcb4f70de5c9940c,1.txt,0,0,0,0,0,1,0,0,0,0,0,1,0,0,0,0,0,0,0,0,0,0,0,0,0,0,0,0,0,0,0,0,0,0,0,0,0,0,0,0,0,0.144242,fact
Japanese invaded and occupied Indonesia 1942 hoax,ce219bc50a38866780d4869393c14559ffa41cbb3664a331fcb4f70de5c9940c,0.txt,0,0,0,0,0,1,1,0,0,0,0,2,0,0,0,0,0,0,0,0,0,0,0,0,0,0,0,0,0,0,0,0,0,0,0,0,1,1,0,0,4,0.853228,fact
George Bush Death hoax,d1d554d4ba731a619e224ec4ddba65d63b542403e990d9c916150522e3dcc7f3,7.txt,0,0,0,0,0,0,0,0,0,0,0,0,0,0,0,0,0,0,0,0,0,0,0,0,0,0,0,0,0,0,0,0,0,0,0,0,0,0,0,0,0,0,unrelated
George Bush Death hoax,d1d554d4ba731a619e224ec4ddba65d63b542403e990d9c916150522e3dcc7f3,3.txt,4,0,4,0,2,1,0,0,0,1,0,0,0,1,0,2,0,0,0,0,0,0,0,0,0,0,0,0,0,0,0,0,0,0,0,0,0,0,0,0,1,0.673151,hoax
George Bush Death hoax,d1d554d4ba731a619e224ec4ddba65d63b542403e990d9c916150522e3dcc7f3,6.txt,1,0,0,0,0,0,0,0,0,0,0,0,0,0,0,1,0,0,0,0,0,0,1,0,0,0,0,0,0,0,0,0,0,0,0,0,0,1,0,0,1,0.145408,unrelated
George Bush Death hoax,d1d554d4ba731a619e224ec4ddba65d63b542403e990d9c916150522e3dcc7f3,8.txt,0,0,0,0,1,0,2,0,0,0,0,1,0,0,0,0,0,0,0,0,0,0,0,0,0,0,0,0,0,0,0,0,1,0,0,0,0,0,1,0,0,0.308726,fact
George Bush Death hoax,d1d554d4ba731a619e224ec4ddba65d63b542403e990d9c916150522e3dcc7f3,4.txt,0,0,2,0,0,1,0,2,0,0,0,0,0,0,0,0,0,0,0,0,0,1,0,0,0,0,0,0,0,0,0,0,0,0,0,0,0,2,0,1,1,0.423477,hoax
George Bush Death hoax,d1d554d4ba731a619e224ec4ddba65d63b542403e990d9c916150522e3dcc7f3,2.txt,4,0,2,0,0,1,1,1,0,0,0,0,0,0,0,3,1,0,0,1,0,0,0,0,0,0,0,0,0,0,0,0,0,0,0,0,0,0,0,0,0,0.868237,hoax
George Bush Death hoax,d1d554d4ba731a619e224ec4ddba65d63b542403e990d9c916150522e3dcc7f3,1.txt,0,0,0,0,4,2,0,0,0,0,0,0,0,0,0,0,0,0,0,0,0,0,0,0,0,0,0,0,0,0,0,0,1,0,0,0,0,0,0,0,0,0.466114,hoax
George Bush Death hoax,d1d554d4ba731a619e224ec4ddba65d63b542403e990d9c916150522e3dcc7f3,0.txt,0,0,2,0,0,0,0,2,0,0,0,0,0,0,0,0,0,0,0,0,1,0,0,0,0,0,0,0,0,0,0,0,0,0,0,0,0,0,0,0,0,0.421794,hoax
John Cena Death hoax,d3fe1d73e9f7f248db1613988adabbe2df44b08162b95106180dfe678522eebb,9.txt,3,0,13,0,0,0,1,2,0,0,0,0,0,0,0,2,1,1,0,1,0,0,0,0,0,0,0,0,0,0,0,0,3,0,0,0,0,0,0,0,0,0.485269,hoax
John Cena Death hoax,d3fe1d73e9f7f248db1613988adabbe2df44b08162b95106180dfe678522eebb,3.txt,0,0,0,0,0,0,0,0,0,0,0,1,0,0,0,0,0,0,0,0,0,0,0,0,0,0,0,0,0,0,0,0,0,0,0,0,0,0,0,0,0,0.36718,fact
John Cena Death hoax,d3fe1d73e9f7f248db1613988adabbe2df44b08162b95106180dfe678522eebb,6.txt,0,0,0,0,0,0,0,0,0,0,0,0,0,0,0,0,0,0,0,0,0,0,0,0,0,0,0,0,0,0,0,0,0,0,0,0,0,0,0,0,0,0,unrelated
John Cena Death hoax,d3fe1d73e9f7f248db1613988adabbe2df44b08162b95106180dfe678522eebb,4.txt,9,0,0,0,13,1,2,0,1,0,0,0,0,0,0,6,0,0,0,0,0,0,0,0,0,0,0,0,0,0,0,0,2,0,0,0,0,0,0,0,0,0.852568,hoax
John Cena Death hoax,d3fe1d73e9f7f248db1613988adabbe2df44b08162b95106180dfe678522eebb,2.txt,2,0,0,0,0,0,0,0,0,0,0,0,0,0,0,1,0,0,0,0,0,0,0,0,0,0,0,0,0,0,0,0,0,0,0,0,0,0,0,0,0,0.851696,hoax
John Cena Death hoax,d3fe1d73e9f7f248db1613988adabbe2df44b08162b95106180dfe678522eebb,0.txt,1,0,2,0,3,0,0,2,0,0,0,0,0,0,0,0,0,0,0,0,0,0,0,0,0,0,0,0,0,0,0,0,1,0,0,0,0,0,0,0,0,0.495538,hoax
The Komodo dragon is the largest lizard in the world hoax,dc6d9cd7fa62f5bab966800d37dd42a3b63637217824755c47e50fbe85ab5451,3.txt,0,0,0,0,0,1,0,0,0,0,0,0,0,0,0,0,0,0,0,0,0,0,0,0,0,0,0,0,0,0,0,0,1,0,1,0,0,0,0,0,0,0.459099,fact
The Komodo dragon is the largest lizard in the world hoax,dc6d9cd7fa62f5bab966800d37dd42a3b63637217824755c47e50fbe85ab5451,6.txt,0,0,2,0,0,0,2,0,0,0,0,0,0,0,0,0,0,0,0,0,0,0,0,0,0,0,0,0,0,0,0,0,0,0,0,0,0,0,0,0,0,0.205603,unrelated
The Komodo dragon is the largest lizard in the world hoax,dc6d9cd7fa62f5bab966800d37dd42a3b63637217824755c47e50fbe85ab5451,8.txt,0,0,1,0,0,0,0,0,0,1,0,2,0,0,0,0,0,0,0,0,0,0,0,0,0,0,0,0,0,0,0,0,0,0,0,0,1,0,0,0,0,0.639114,fact
The Komodo dragon is the largest lizard in the world hoax,dc6d9cd7fa62f5bab966800d37dd42a3b63637217824755c47e50fbe85ab5451,4.txt,0,0,0,0,0,0,0,0,0,0,0,0,0,0,0,0,0,0,0,0,0,0,0,0,0,0,0,0,0,0,0,0,0,0,0,0,1,0,0,0,0,0.6686,fact
The Komodo dragon is the largest lizard in the world hoax,dc6d9cd7fa62f5bab966800d37dd42a3b63637217824755c47e50fbe85ab5451,5.txt,0,0,1,0,1,0,1,0,0,0,0,0,0,0,0,0,0,0,0,0,0,0,0,0,0,0,0,0,0,0,0,0,0,0,0,0,0,0,0,0,0,0.817094,fact
The Komodo dragon is the largest lizard in the world hoax,dc6d9cd7fa62f5bab966800d37dd42a3b63637217824755c47e50fbe85ab5451,0.txt,0,0,0,0,1,0,0,0,0,1,0,0,0,0,0,0,0,0,0,0,0,0,0,0,0,0,0,0,0,0,0,0,0,0,3,1,6,0,0,2,0,0.854071,fact
Eat mince pies on Christmas Day in UK illegal hoax,e013b2f26f48214b669bcc1a30acc7d5f32b24035766cd980b2a06c092c2faa8,9.txt,0,0,0,0,0,0,1,0,0,0,0,0,0,0,0,0,0,0,0,0,0,0,0,0,0,0,0,0,0,0,0,0,1,0,0,0,0,0,0,0,0,0.95354,unknown
Eat mince pies on Christmas Day in UK illegal hoax,e013b2f26f48214b669bcc1a30acc7d5f32b24035766cd980b2a06c092c2faa8,7.txt,0,0,0,0,0,0,0,0,0,0,0,0,0,0,0,0,0,0,0,0,0,0,0,0,0,0,0,0,0,0,0,0,0,0,1,0,0,0,0,0,0,0.103958,unrelated
Eat mince pies on Christmas Day in UK illegal hoax,e013b2f26f48214b669bcc1a30acc7d5f32b24035766cd980b2a06c092c2faa8,3.txt,0,0,0,0,0,0,0,0,0,0,0,0,0,0,0,0,0,0,0,0,0,0,0,0,0,0,0,0,0,0,0,0,0,0,0,0,0,0,0,0,0,0.811463,fact
Eat mince pies on Christmas Day in UK illegal hoax,e013b2f26f48214b669bcc1a30acc7d5f32b24035766cd980b2a06c092c2faa8,6.txt,0,0,0,0,0,0,0,0,0,0,0,0,0,0,0,0,0,0,0,0,0,0,0,0,0,0,0,0,0,0,0,0,1,0,0,0,0,0,0,0,0,0.0143299,unrelated
Eat mince pies on Christmas Day in UK illegal hoax,e013b2f26f48214b669bcc1a30acc7d5f32b24035766cd980b2a06c092c2faa8,8.txt,0,0,0,0,0,0,0,0,0,0,0,0,0,0,0,0,0,0,0,0,0,0,0,0,0,0,0,0,0,0,0,0,1,0,0,0,0,0,0,0,0,0.0936403,unrelated
Eat mince pies on Christmas Day in UK illegal hoax,e013b2f26f48214b669bcc1a30acc7d5f32b24035766cd980b2a06c092c2faa8,4.txt,2,0,0,0,0,0,0,0,0,0,0,0,0,0,0,0,0,0,0,0,0,0,0,0,0,0,0,0,0,0,0,0,0,0,0,0,0,0,0,0,0,0.00412849,unrelated
Eat mince pies on Christmas Day in UK illegal hoax,e013b2f26f48214b669bcc1a30acc7d5f32b24035766cd980b2a06c092c2faa8,2.txt,0,0,0,0,0,0,0,0,0,0,0,0,0,0,0,0,0,0,0,0,0,0,0,0,0,0,0,0,0,0,0,0,0,0,0,0,0,0,0,0,0,0.169959,unknown
Eat mince pies on Christmas Day in UK illegal hoax,e013b2f26f48214b669bcc1a30acc7d5f32b24035766cd980b2a06c092c2faa8,5.txt,0,0,0,0,0,0,0,0,0,0,0,0,0,0,0,0,0,0,0,0,0,0,0,0,0,0,0,0,0,0,0,0,0,1,0,0,0,0,0,0,0,0.284936,fact
Eat mince pies on Christmas Day in UK illegal hoax,e013b2f26f48214b669bcc1a30acc7d5f32b24035766cd980b2a06c092c2faa8,1.txt,0,0,0,0,0,0,1,0,0,0,0,1,0,0,0,0,0,0,0,0,0,0,0,0,0,0,0,0,0,0,0,0,1,0,0,0,0,0,0,8,0,0.262627,hoax
Zsa Zsa Gabor Dies in 99 hoax,ec4268f0b0c534cef835f7421b8340dc9157de244c996401304358464001808a,9.txt,0,0,0,0,0,0,0,0,0,0,0,0,0,0,0,0,0,0,0,0,0,0,0,0,0,0,0,0,0,0,0,0,1,0,0,0,0,0,0,0,0,0.693969,fact
Zsa Zsa Gabor Dies in 99 hoax,ec4268f0b0c534cef835f7421b8340dc9157de244c996401304358464001808a,7.txt,0,0,0,0,0,0,0,0,0,0,0,0,0,0,0,0,0,0,0,0,0,0,0,0,0,0,0,0,0,0,0,0,0,0,0,0,0,0,0,0,0,0.478027,fact
Zsa Zsa Gabor Dies in 99 hoax,ec4268f0b0c534cef835f7421b8340dc9157de244c996401304358464001808a,3.txt,0,0,0,0,0,0,0,0,0,0,0,0,0,0,0,0,0,0,0,0,0,0,0,0,0,0,0,0,0,0,0,0,0,0,0,0,0,0,0,0,0,0.7231,fact
Zsa Zsa Gabor Dies in 99 hoax,ec4268f0b0c534cef835f7421b8340dc9157de244c996401304358464001808a,6.txt,0,0,0,0,0,0,0,0,0,0,0,0,0,0,0,0,0,0,0,0,0,0,0,0,0,0,0,0,0,0,0,0,0,0,0,0,0,0,0,0,0,0.67144,fact
Zsa Zsa Gabor Dies in 99 hoax,ec4268f0b0c534cef835f7421b8340dc9157de244c996401304358464001808a,8.txt,0,0,0,0,1,0,0,0,0,0,0,0,0,0,0,0,0,0,0,0,0,0,0,0,0,0,0,0,0,0,0,0,0,0,0,0,0,0,0,0,0,0.562815,unknown
Zsa Zsa Gabor Dies in 99 hoax,ec4268f0b0c534cef835f7421b8340dc9157de244c996401304358464001808a,2.txt,0,0,0,0,0,0,0,0,0,0,0,0,0,0,0,0,0,0,0,0,0,0,0,0,0,0,0,0,0,0,0,0,0,0,0,0,0,0,1,0,0,0.624905,fact
Zsa Zsa Gabor Dies in 99 hoax,ec4268f0b0c534cef835f7421b8340dc9157de244c996401304358464001808a,1.txt,0,0,0,0,0,0,0,0,0,0,0,0,0,0,0,0,0,0,0,0,0,0,0,0,0,0,0,0,0,0,0,0,0,0,0,0,0,0,0,0,0,0.451419,fact
Zsa Zsa Gabor Dies in 99 hoax,ec4268f0b0c534cef835f7421b8340dc9157de244c996401304358464001808a,0.txt,0,0,0,0,0,0,0,0,0,0,0,0,0,0,0,0,0,0,0,0,0,0,0,0,0,0,0,0,0,0,0,0,0,0,0,0,0,0,0,0,0,0.725716,fact
Evolution fresh drinks poison hoax,ef04e13aea0ae5a45b4389c19a7bc24da95fe5f92b9c7328fa543a745a575230,7.txt,0,0,0,0,0,0,0,0,0,0,0,0,0,0,0,0,0,0,0,0,0,1,0,0,0,0,0,0,1,0,0,0,0,1,0,0,0,0,0,2,1,0.606993,hoax
Evolution fresh drinks poison hoax,ef04e13aea0ae5a45b4389c19a7bc24da95fe5f92b9c7328fa543a745a575230,3.txt,0,0,0,0,0,0,0,0,0,0,0,0,0,0,0,0,0,0,0,0,0,0,0,0,0,0,0,0,1,0,0,0,1,1,1,0,0,0,0,0,0,0.0961424,unrelated
Evolution fresh drinks poison hoax,ef04e13aea0ae5a45b4389c19a7bc24da95fe5f92b9c7328fa543a745a575230,6.txt,0,0,0,0,0,0,0,0,0,0,0,0,0,0,0,0,0,0,0,0,0,0,0,0,0,0,0,0,0,0,0,0,0,0,0,0,0,0,0,0,0,0.0406898,unrelated
Evolution fresh drinks poison hoax,ef04e13aea0ae5a45b4389c19a7bc24da95fe5f92b9c7328fa543a745a575230,8.txt,3,0,0,0,0,2,1,0,0,0,0,0,0,0,0,0,0,0,0,0,0,0,0,0,0,0,0,0,0,0,0,0,1,0,0,0,0,1,0,0,2,0.339884,hoax
Evolution fresh drinks poison hoax,ef04e13aea0ae5a45b4389c19a7bc24da95fe5f92b9c7328fa543a745a575230,2.txt,6,0,0,0,0,2,1,0,0,0,0,0,0,0,0,0,0,0,0,0,0,1,0,0,0,0,0,0,1,1,0,0,0,0,0,0,0,0,0,1,3,0.70909,hoax
Evolution fresh drinks poison hoax,ef04e13aea0ae5a45b4389c19a7bc24da95fe5f92b9c7328fa543a745a575230,5.txt,1,0,0,0,0,0,0,0,0,0,0,0,0,0,0,0,0,0,0,0,0,1,0,0,0,0,0,0,0,0,0,0,0,0,0,0,0,0,0,1,1,0.773878,hoax
Evolution fresh drinks poison hoax,ef04e13aea0ae5a45b4389c19a7bc24da95fe5f92b9c7328fa543a745a575230,1.txt,1,0,0,0,0,0,0,0,0,0,0,0,0,0,0,0,0,0,0,0,0,0,0,0,0,0,0,0,0,0,0,0,0,0,0,0,0,2,0,1,0,0.791261,hoax
Evolution fresh drinks poison hoax,ef04e13aea0ae5a45b4389c19a7bc24da95fe5f92b9c7328fa543a745a575230,0.txt,2,0,0,0,0,0,0,0,0,0,0,0,0,0,0,0,0,0,0,0,0,1,0,0,0,0,0,0,0,0,0,0,0,0,0,0,0,0,0,1,1,0.671866,hoax
KFC create a chickhen-scented candle hoax,f2dc19367ea5fefaaeb0f87929f88836173045c5bf71faf049ab3306ea47ede2,9.txt,0,0,0,0,0,0,0,0,0,0,0,0,0,0,0,0,0,0,0,0,0,0,0,0,0,0,0,0,0,0,0,0,0,0,0,0,0,0,0,0,0,0.76245,fact
KFC create a chickhen-scented candle hoax,f2dc19367ea5fefaaeb0f87929f88836173045c5bf71faf049ab3306ea47ede2,7.txt,0,0,0,0,0,0,0,0,0,0,0,0,0,0,0,0,0,0,0,0,0,0,0,0,0,0,0,0,0,0,0,0,1,0,0,0,0,0,0,0,0,0.454581,fact
KFC create a chickhen-scented candle hoax,f2dc19367ea5fefaaeb0f87929f88836173045c5bf71faf049ab3306ea47ede2,3.txt,0,0,0,0,0,0,0,0,0,0,0,0,0,0,0,0,0,0,0,0,0,0,0,0,0,0,0,0,0,0,0,0,0,0,0,0,0,0,0,0,0,0.806397,fact
KFC create a chickhen-scented candle hoax,f2dc19367ea5fefaaeb0f87929f88836173045c5bf71faf049ab3306ea47ede2,6.txt,0,0,0,0,0,0,0,0,0,0,0,0,0,0,0,0,0,0,0,0,0,0,0,0,0,0,0,0,0,0,0,0,0,0,0,0,0,0,0,0,0,0.513249,fact
KFC create a chickhen-scented candle hoax,f2dc19367ea5fefaaeb0f87929f88836173045c5bf71faf049ab3306ea47ede2,8.txt,0,0,0,0,0,0,0,0,0,0,0,0,0,0,0,0,0,0,0,0,0,0,0,0,0,0,0,0,0,0,0,0,0,1,0,0,0,0,0,0,0,0.492726,fact
KFC create a chickhen-scented candle hoax,f2dc19367ea5fefaaeb0f87929f88836173045c5bf71faf049ab3306ea47ede2,4.txt,0,0,0,0,0,0,0,0,0,0,0,0,0,0,0,0,0,0,0,0,0,0,0,0,0,0,0,0,0,0,0,0,0,0,0,0,0,0,0,0,0,0.535191,fact
KFC create a chickhen-scented candle hoax,f2dc19367ea5fefaaeb0f87929f88836173045c5bf71faf049ab3306ea47ede2,2.txt,0,0,0,0,0,0,0,0,0,0,0,0,0,0,0,0,0,0,0,0,0,0,0,0,0,0,0,0,0,0,0,0,0,0,0,0,0,0,0,0,0,0.0474258,unrelated
KFC create a chickhen-scented candle hoax,f2dc19367ea5fefaaeb0f87929f88836173045c5bf71faf049ab3306ea47ede2,5.txt,0,0,0,0,0,0,0,0,0,0,0,0,0,0,0,0,0,0,0,0,0,0,0,0,0,0,0,0,0,0,0,0,0,0,0,0,0,0,0,0,0,0.752858,fact
KFC create a chickhen-scented candle hoax,f2dc19367ea5fefaaeb0f87929f88836173045c5bf71faf049ab3306ea47ede2,0.txt,0,0,1,0,0,0,0,0,0,0,0,0,0,0,0,0,0,0,0,0,0,0,0,0,0,0,0,0,0,0,0,0,0,0,0,0,0,0,0,0,0,0.541261,fact
Giant squid found in New Zealand hoax,fa7a4633274f7f12398dc5f515980c04534ca9dbbb91f38196d8c859ba8a52e2,9.txt,2,0,2,0,0,0,0,0,0,0,0,0,0,0,1,0,0,0,0,0,0,0,1,0,0,0,0,0,0,0,0,0,0,0,0,0,0,0,0,0,0,0.365487,hoax
Giant squid found in New Zealand hoax,fa7a4633274f7f12398dc5f515980c04534ca9dbbb91f38196d8c859ba8a52e2,3.txt,0,0,0,0,0,0,0,0,0,0,0,0,0,0,0,0,0,0,0,0,0,0,0,0,0,0,0,0,0,0,0,0,0,0,0,0,0,0,0,0,0,0.449386,fact
Giant squid found in New Zealand hoax,fa7a4633274f7f12398dc5f515980c04534ca9dbbb91f38196d8c859ba8a52e2,6.txt,0,0,2,0,0,0,0,0,0,0,0,0,0,0,0,0,0,0,0,0,0,0,0,0,0,0,0,0,0,0,0,0,0,0,0,0,0,0,0,0,0,0.757447,unknown
Giant squid found in New Zealand hoax,fa7a4633274f7f12398dc5f515980c04534ca9dbbb91f38196d8c859ba8a52e2,8.txt,0,0,0,0,0,0,0,0,0,0,0,0,0,0,0,0,0,0,0,0,0,0,0,0,0,0,0,0,0,0,0,0,0,0,0,0,0,0,0,0,0,0.0888861,fact
Giant squid found in New Zealand hoax,fa7a4633274f7f12398dc5f515980c04534ca9dbbb91f38196d8c859ba8a52e2,4.txt,1,0,6,0,0,0,0,0,0,0,0,0,0,0,0,0,0,0,0,0,0,0,0,0,0,0,0,0,0,0,0,0,0,1,0,0,0,0,0,0,0,0.602005,hoax
Giant squid found in New Zealand hoax,fa7a4633274f7f12398dc5f515980c04534ca9dbbb91f38196d8c859ba8a52e2,5.txt,0,0,0,0,0,0,0,0,0,0,0,0,0,0,0,0,0,0,0,0,0,0,0,0,0,0,0,0,0,0,0,0,0,0,0,0,1,0,0,0,0,0.342136,fact
Giant squid found in New Zealand hoax,fa7a4633274f7f12398dc5f515980c04534ca9dbbb91f38196d8c859ba8a52e2,1.txt,0,0,0,0,0,0,0,0,0,0,0,0,0,0,0,0,0,0,0,0,0,0,0,0,0,0,0,0,0,0,0,0,0,0,0,0,1,0,0,0,0,0.593295,fact
Giant squid found in New Zealand hoax,fa7a4633274f7f12398dc5f515980c04534ca9dbbb91f38196d8c859ba8a52e2,0.txt,1,0,1,0,0,0,0,0,0,0,0,0,0,0,0,0,0,0,0,0,0,0,0,0,0,0,0,0,0,0,0,0,1,0,0,0,0,0,0,0,0,0.489964,hoax